policy_number,months_insured,has_claims,insured_name,policy_start_date,reserve_amount,total_incurred,claim_propensity,broker_id
POL1800,116,TRUE,Thompson Inc,2020-12-16,3537.08,6915.48,0.8,2a7b4e70-0d33-4f8e-9f77-41c7b6dced98
POL1801,78,FALSE,"Kerr, Davis and Phelps",2022-09-20,0,0,0,b2a5ef1c-1e59-48e8-893e-2cd32a1985dc
POL1802,15,TRUE,"Berg, Herman and Thomas",2022-04-19,24327.72,49690.52,0.5,f16d5b5a-7f08-4725-b5c0-2d30d7fdd962
POL1803,51,TRUE,Kemp-Herrera,2020-12-11,8722.18,40556.61,0.39,4c9016d3-b681-4ad4-998f-6d09bbfbb21f
POL1804,46,TRUE,Stevenson LLC,2021-04-17,12486.3,36038.71,0.85,e2f0c7c9-c59d-4a67-9b6b-503442bc7c52
POL1805,79,FALSE,Mccann-Bennett,2020-11-27,0,0,0,f16d5b5a-7f08-4725-b5c0-2d30d7fdd962
POL1806,18,FALSE,Cooper Group,2021-07-03,0,0,0,1d758682-cf2b-4b67-bfa6-f4a42b1e2620
POL1807,69,FALSE,"Bowen, Dunn and Barton",2020-10-17,0,0,0,69fc20d0-9aa6-4ad0-a0a0-1a9f7a9a20de
POL1808,13,TRUE,"Weaver, Hernandez and Johnson",2021-06-23,1730.34,32714.35,0.82,2a7b4e70-0d33-4f8e-9f77-41c7b6dced98
POL1809,16,TRUE,"Wallace, Juarez and Hinton",2022-02-07,21467.24,65128.85,0.68,69fc20d0-9aa6-4ad0-a0a0-1a9f7a9a20de
POL1810,38,TRUE,Harrison Group,2023-06-16,10273.37,53470.98,0.21,957fbded-8264-40c0-9c86-4b3b55b2c2a7
POL1811,25,TRUE,Davis Group,2023-08-13,9735.42,36606.08,0.69,e2f0c7c9-c59d-4a67-9b6b-503442bc7c52
POL1812,3,TRUE,Hunter Group,2021-04-03,19611.38,31818.17,0.12,84591ab3-0b42-489e-b1b1-57dd877d9e2c
POL1813,50,TRUE,"Valdez, Johnson and Hall",2020-08-25,2517.43,13690.38,0.77,e2f0c7c9-c59d-4a67-9b6b-503442bc7c52
POL1814,101,FALSE,George Group,2020-03-20,0,0,0,4c9016d3-b681-4ad4-998f-6d09bbfbb21f
POL1815,105,FALSE,Clay PLC,2022-02-12,0,0,0,69fc20d0-9aa6-4ad0-a0a0-1a9f7a9a20de
POL1816,56,FALSE,Fox and Sons,2023-08-09,0,0,0,84591ab3-0b42-489e-b1b1-57dd877d9e2c
POL1817,103,FALSE,Davis-Middleton,2021-06-01,0,0,0,957fbded-8264-40c0-9c86-4b3b55b2c2a7
POL1818,30,TRUE,Palmer PLC,2023-10-06,17229.22,50805,0.91,b2a5ef1c-1e59-48e8-893e-2cd32a1985dc
POL1819,88,FALSE,Pierce PLC,2023-04-30,0,0,0,f16d5b5a-7f08-4725-b5c0-2d30d7fdd962
POL1820,59,FALSE,"Oliver, Burke and Hancock",2021-11-16,0,0,0,f16d5b5a-7f08-4725-b5c0-2d30d7fdd962
POL1821,60,FALSE,Chambers-Ruiz,2021-06-04,0,0,0,1d758682-cf2b-4b67-bfa6-f4a42b1e2620
POL1822,1,FALSE,"Morrison, Johnson and Reed",2021-06-06,0,0,0,84591ab3-0b42-489e-b1b1-57dd877d9e2c
POL1823,93,TRUE,Park Inc,2023-03-20,12288.76,37379.16,0.11,2a7b4e70-0d33-4f8e-9f77-41c7b6dced98
POL1824,95,FALSE,Alexander PLC,2020-07-17,0,0,0,84591ab3-0b42-489e-b1b1-57dd877d9e2c
POL1825,111,TRUE,"Lewis, Smith and Young",2022-02-27,14462.93,52609.94,0.65,f16d5b5a-7f08-4725-b5c0-2d30d7fdd962
POL1826,48,TRUE,Davis-Hill,2021-05-21,18517.51,60770.65,0.55,e2f0c7c9-c59d-4a67-9b6b-503442bc7c52
POL1827,105,TRUE,"Roberts, Murphy and Le",2021-04-28,10800.69,28485.61,0.64,4c9016d3-b681-4ad4-998f-6d09bbfbb21f
POL1828,81,FALSE,"Merritt, Evans and Lambert",2021-01-28,0,0,0,3e857a0f-1dbe-4025-a287-29f3e7fd926d
POL1829,20,TRUE,"Martinez, Crawford and Salazar",2022-12-27,12767.7,60279.53,0.58,84591ab3-0b42-489e-b1b1-57dd877d9e2c
POL1830,78,TRUE,"Davis, Callahan and Ortiz",2022-04-12,15254.37,47759.32,0.94,4c9016d3-b681-4ad4-998f-6d09bbfbb21f
POL1831,7,TRUE,Vincent Group,2020-12-27,5150.15,43980.94,0.18,69fc20d0-9aa6-4ad0-a0a0-1a9f7a9a20de
POL1832,97,FALSE,Thomas-Richard,2022-12-14,0,0,0,1d758682-cf2b-4b67-bfa6-f4a42b1e2620
POL1833,101,TRUE,Stevenson-Thomas,2020-07-22,3755.56,29721.79,0.45,2a7b4e70-0d33-4f8e-9f77-41c7b6dced98
POL1834,23,TRUE,"Morris, Vega and Jones",2020-05-01,16667.28,60677.5,0.99,2a7b4e70-0d33-4f8e-9f77-41c7b6dced98
POL1835,92,FALSE,Gonzalez LLC,2021-03-26,0,0,0,2a7b4e70-0d33-4f8e-9f77-41c7b6dced98
POL1836,71,TRUE,"Terry, Curtis and Rojas",2022-05-24,7743.48,19500.7,0.23,4c9016d3-b681-4ad4-998f-6d09bbfbb21f
POL1837,9,FALSE,Johnson-Alexander,2020-02-03,0,0,0,957fbded-8264-40c0-9c86-4b3b55b2c2a7
POL1838,30,TRUE,Soto-Moore,2022-10-02,2912.87,20797.48,0.25,2a7b4e70-0d33-4f8e-9f77-41c7b6dced98
POL1839,33,TRUE,Greer Group,2023-11-02,2288.62,48410.84,0.96,3e857a0f-1dbe-4025-a287-29f3e7fd926d
POL1840,99,FALSE,Moore-Hernandez,2020-04-13,0,0,0,f16d5b5a-7f08-4725-b5c0-2d30d7fdd962
POL1841,14,TRUE,"Jordan, Figueroa and Wilson",2020-04-26,24907.19,70127.85,0.99,1d758682-cf2b-4b67-bfa6-f4a42b1e2620
POL1842,10,TRUE,Taylor PLC,2021-11-19,1698.65,45143.58,0.26,957fbded-8264-40c0-9c86-4b3b55b2c2a7
POL1843,114,FALSE,Giles-Combs,2023-01-31,0,0,0,84591ab3-0b42-489e-b1b1-57dd877d9e2c
POL1844,100,TRUE,Brady-Berry,2021-02-03,11190.27,47111.3,0.97,69fc20d0-9aa6-4ad0-a0a0-1a9f7a9a20de
POL1845,103,TRUE,"Richardson, Mcintosh and Garcia",2023-05-25,1247.97,7725.11,0.19,e2f0c7c9-c59d-4a67-9b6b-503442bc7c52
POL1846,62,TRUE,Meyer Inc,2022-05-20,8920,50988.98,0.56,b2a5ef1c-1e59-48e8-893e-2cd32a1985dc
POL1847,42,TRUE,"Sutton, Lawrence and Owens",2021-06-24,13049.57,14664.57,0.34,b2a5ef1c-1e59-48e8-893e-2cd32a1985dc
POL1848,62,TRUE,Mclaughlin-Scott,2020-04-20,2051.59,48742.93,0.87,4c9016d3-b681-4ad4-998f-6d09bbfbb21f
POL1849,94,TRUE,"Mcguire, Martin and Garrett",2022-04-23,10532.4,58563.55,0.32,69fc20d0-9aa6-4ad0-a0a0-1a9f7a9a20de
POL1850,55,TRUE,"Carson, Vaughan and Chan",2023-06-14,2446.25,4429.35,0.8,2a7b4e70-0d33-4f8e-9f77-41c7b6dced98
POL1851,87,FALSE,Blevins Ltd,2023-11-25,0,0,0,b2a5ef1c-1e59-48e8-893e-2cd32a1985dc
POL1852,21,FALSE,"Sanchez, Perez and Mann",2020-10-31,0,0,0,4c9016d3-b681-4ad4-998f-6d09bbfbb21f
POL1853,2,TRUE,"Wang, Thomas and Walsh",2020-01-18,20567.78,37040.68,0.84,b2a5ef1c-1e59-48e8-893e-2cd32a1985dc
POL1854,11,FALSE,Charles PLC,2022-10-22,0,0,0,2a7b4e70-0d33-4f8e-9f77-41c7b6dced98
POL1855,73,TRUE,"Thompson, Garcia and Davis",2023-03-25,17993.34,27425.97,0.1,69fc20d0-9aa6-4ad0-a0a0-1a9f7a9a20de
POL1856,48,TRUE,"Mcdonald, Deleon and Lane",2023-09-30,1926.41,40528.31,0.52,3e857a0f-1dbe-4025-a287-29f3e7fd926d
POL1857,15,FALSE,Erickson and Sons,2022-06-19,0,0,0,3e857a0f-1dbe-4025-a287-29f3e7fd926d
POL1858,115,TRUE,Brown-Cook,2021-04-25,22936.55,37372.35,0.33,2a7b4e70-0d33-4f8e-9f77-41c7b6dced98
POL1859,14,FALSE,"Russell, Whitehead and Terrell",2022-02-09,0,0,0,1d758682-cf2b-4b67-bfa6-f4a42b1e2620
POL1860,56,FALSE,"Allen, Parsons and Watkins",2023-01-08,0,0,0,4c9016d3-b681-4ad4-998f-6d09bbfbb21f
POL1861,25,FALSE,Wright PLC,2021-06-29,0,0,0,957fbded-8264-40c0-9c86-4b3b55b2c2a7
POL1862,50,FALSE,Chavez Inc,2021-09-08,0,0,0,f16d5b5a-7f08-4725-b5c0-2d30d7fdd962
POL1863,119,FALSE,Fisher-Stone,2023-05-31,0,0,0,957fbded-8264-40c0-9c86-4b3b55b2c2a7
POL1864,98,FALSE,Page Ltd,2022-01-21,0,0,0,84591ab3-0b42-489e-b1b1-57dd877d9e2c
POL1865,109,FALSE,"Rios, Mcneil and Bradshaw",2020-05-12,0,0,0,f16d5b5a-7f08-4725-b5c0-2d30d7fdd962
POL1866,94,FALSE,Davis-Banks,2021-06-21,0,0,0,84591ab3-0b42-489e-b1b1-57dd877d9e2c
POL1867,22,FALSE,Young-Holland,2023-01-07,0,0,0,b2a5ef1c-1e59-48e8-893e-2cd32a1985dc
POL1868,38,FALSE,Miller-Thomas,2020-01-07,0,0,0,957fbded-8264-40c0-9c86-4b3b55b2c2a7
POL1869,67,TRUE,Hughes Ltd,2021-01-15,1384.4,51338.49,0.78,1d758682-cf2b-4b67-bfa6-f4a42b1e2620
POL1870,57,FALSE,Williams-Frank,2020-08-15,0,0,0,69fc20d0-9aa6-4ad0-a0a0-1a9f7a9a20de
POL1871,42,FALSE,Dixon-Ingram,2021-12-27,0,0,0,b2a5ef1c-1e59-48e8-893e-2cd32a1985dc
POL1872,37,FALSE,Carr-Carroll,2021-08-31,0,0,0,4c9016d3-b681-4ad4-998f-6d09bbfbb21f
POL1873,45,TRUE,"Lee, Monroe and Adams",2020-12-24,15864.65,37523.23,0.01,84591ab3-0b42-489e-b1b1-57dd877d9e2c
POL1874,94,FALSE,Zimmerman-Gonzalez,2021-07-30,0,0,0,957fbded-8264-40c0-9c86-4b3b55b2c2a7
POL1875,36,FALSE,Baker-Powell,2020-11-10,0,0,0,69fc20d0-9aa6-4ad0-a0a0-1a9f7a9a20de
POL1876,94,TRUE,"Jimenez, Sampson and Jackson",2020-12-11,6559.09,19618.84,0.91,3e857a0f-1dbe-4025-a287-29f3e7fd926d
POL1877,49,TRUE,Clark LLC,2022-06-14,6043.68,8171.87,0.46,f16d5b5a-7f08-4725-b5c0-2d30d7fdd962
POL1878,57,TRUE,"Mann, Olsen and Sandoval",2023-01-31,5251.62,27730.65,0.09,2a7b4e70-0d33-4f8e-9f77-41c7b6dced98
POL1879,59,TRUE,Collins-Howell,2020-09-30,10589.54,12867.14,0.27,957fbded-8264-40c0-9c86-4b3b55b2c2a7
POL1880,39,TRUE,Rivera and Sons,2022-09-06,14154.75,37561.64,0.02,1d758682-cf2b-4b67-bfa6-f4a42b1e2620
POL1881,106,TRUE,"Martinez, Howard and Le",2022-06-01,9472,56164.47,0.94,3e857a0f-1dbe-4025-a287-29f3e7fd926d
POL1882,6,FALSE,Alexander-Mcdaniel,2020-01-26,0,0,0,e2f0c7c9-c59d-4a67-9b6b-503442bc7c52
POL1883,118,FALSE,Patterson-Graham,2020-06-17,0,0,0,e2f0c7c9-c59d-4a67-9b6b-503442bc7c52
POL1884,2,TRUE,Silva-Downs,2021-12-15,4947.84,37706.62,0.74,b2a5ef1c-1e59-48e8-893e-2cd32a1985dc
POL1885,59,FALSE,"Owen, Anderson and Smith",2021-07-24,0,0,0,f16d5b5a-7f08-4725-b5c0-2d30d7fdd962
POL1886,71,FALSE,"Trevino, Hughes and Castillo",2021-03-27,0,0,0,69fc20d0-9aa6-4ad0-a0a0-1a9f7a9a20de
POL1887,68,FALSE,Walsh-Davis,2023-09-17,0,0,0,1d758682-cf2b-4b67-bfa6-f4a42b1e2620
POL1888,78,FALSE,Leonard LLC,2022-04-22,0,0,0,84591ab3-0b42-489e-b1b1-57dd877d9e2c
POL1889,44,TRUE,"Jackson, Ramirez and Martinez",2021-11-15,21412.35,46945.17,0.24,e2f0c7c9-c59d-4a67-9b6b-503442bc7c52
POL1890,86,TRUE,"Byrd, Smith and Thomas",2020-10-13,22371.62,54156.94,0.57,b2a5ef1c-1e59-48e8-893e-2cd32a1985dc
POL1891,35,TRUE,Morgan LLC,2021-11-03,1906,15959.5,0.92,1d758682-cf2b-4b67-bfa6-f4a42b1e2620
POL1892,48,TRUE,Bradford-Sanchez,2022-06-06,11545.52,37781.56,0.53,1d758682-cf2b-4b67-bfa6-f4a42b1e2620
POL1893,12,TRUE,"Duncan, Green and Jackson",2021-05-10,18266.09,39243.53,0.89,1d758682-cf2b-4b67-bfa6-f4a42b1e2620
POL1894,13,TRUE,Ross-Garcia,2023-07-17,15696.89,20732.94,0.04,69fc20d0-9aa6-4ad0-a0a0-1a9f7a9a20de
POL1895,17,TRUE,Rivera and Sons,2021-09-19,15432.57,32175.25,0.4,f16d5b5a-7f08-4725-b5c0-2d30d7fdd962
POL1896,109,FALSE,Gardner-Mason,2023-02-16,0,0,0,957fbded-8264-40c0-9c86-4b3b55b2c2a7
POL1897,16,TRUE,Oneal-Garcia,2022-07-26,21719.91,25219.16,0.27,957fbded-8264-40c0-9c86-4b3b55b2c2a7
POL1898,16,TRUE,"Roberts, Brown and Mccall",2023-01-22,2762.59,13848.53,0.52,3e857a0f-1dbe-4025-a287-29f3e7fd926d
POL1899,99,TRUE,Sutton Group,2021-07-25,4092.68,52327.25,0.79,69fc20d0-9aa6-4ad0-a0a0-1a9f7a9a20de
POL1900,119,FALSE,Martin LLC,2021-08-05,0,0,0,4c9016d3-b681-4ad4-998f-6d09bbfbb21f
POL1901,67,FALSE,"Jackson, Bush and Duncan",2021-03-29,0,0,0,957fbded-8264-40c0-9c86-4b3b55b2c2a7
POL1902,60,FALSE,"Gray, Yu and Garcia",2022-08-05,0,0,0,84591ab3-0b42-489e-b1b1-57dd877d9e2c
POL1903,114,FALSE,Mccoy Group,2023-01-09,0,0,0,69fc20d0-9aa6-4ad0-a0a0-1a9f7a9a20de
POL1904,31,FALSE,Scott Group,2022-04-17,0,0,0,f16d5b5a-7f08-4725-b5c0-2d30d7fdd962
POL1905,46,FALSE,Ford PLC,2023-05-26,0,0,0,4c9016d3-b681-4ad4-998f-6d09bbfbb21f
POL1906,7,FALSE,"Castro, Richardson and Coleman",2023-01-27,0,0,0,2a7b4e70-0d33-4f8e-9f77-41c7b6dced98
POL1907,45,FALSE,Chapman PLC,2021-02-26,0,0,0,2a7b4e70-0d33-4f8e-9f77-41c7b6dced98
POL1908,107,FALSE,Campbell PLC,2023-02-02,0,0,0,2a7b4e70-0d33-4f8e-9f77-41c7b6dced98
POL1909,96,FALSE,Kennedy-Farrell,2020-06-21,0,0,0,3e857a0f-1dbe-4025-a287-29f3e7fd926d
POL1910,20,FALSE,"Mcdonald, Garner and Mckee",2023-09-07,0,0,0,3e857a0f-1dbe-4025-a287-29f3e7fd926d
POL1911,73,FALSE,Nelson-Martin,2021-03-12,0,0,0,1d758682-cf2b-4b67-bfa6-f4a42b1e2620
POL1912,13,TRUE,Mccullough LLC,2022-12-17,10831.94,50242.71,0.43,2a7b4e70-0d33-4f8e-9f77-41c7b6dced98
POL1913,63,TRUE,"Johnson, Wells and Kramer",2023-10-26,4361.88,28342.53,0.41,e2f0c7c9-c59d-4a67-9b6b-503442bc7c52
POL1914,56,FALSE,"Mitchell, Wright and Hendrix",2022-09-01,0,0,0,957fbded-8264-40c0-9c86-4b3b55b2c2a7
POL1915,47,TRUE,Daniel-Cardenas,2020-10-08,18799.27,34860.65,0.02,69fc20d0-9aa6-4ad0-a0a0-1a9f7a9a20de
POL1916,42,FALSE,Gonzalez Group,2023-05-13,0,0,0,e2f0c7c9-c59d-4a67-9b6b-503442bc7c52
POL1917,36,TRUE,"Guzman, Arnold and Johnson",2020-05-17,516.31,4323.46,0.18,69fc20d0-9aa6-4ad0-a0a0-1a9f7a9a20de
POL1918,49,TRUE,Mcclain-Conner,2020-08-21,13325.32,34070.89,0.44,84591ab3-0b42-489e-b1b1-57dd877d9e2c
POL1919,32,FALSE,Richardson-Gonzalez,2023-06-25,0,0,0,b2a5ef1c-1e59-48e8-893e-2cd32a1985dc
POL1920,116,TRUE,Jones and Sons,2023-05-31,4781.66,40544.5,0.87,b2a5ef1c-1e59-48e8-893e-2cd32a1985dc
POL1921,111,TRUE,"Miller, Stone and Powers",2022-01-11,24698.18,44214.12,0.3,84591ab3-0b42-489e-b1b1-57dd877d9e2c
POL1922,107,FALSE,"Sullivan, Ramirez and Miller",2021-06-27,0,0,0,957fbded-8264-40c0-9c86-4b3b55b2c2a7
POL1923,8,FALSE,Stephens Ltd,2021-07-07,0,0,0,2a7b4e70-0d33-4f8e-9f77-41c7b6dced98
POL1924,23,TRUE,"Cooper, Melendez and Gonzalez",2022-12-03,11542.3,42148.67,0.07,1d758682-cf2b-4b67-bfa6-f4a42b1e2620
POL1925,82,TRUE,Decker-Camacho,2023-10-20,22602.81,26364.03,0.87,84591ab3-0b42-489e-b1b1-57dd877d9e2c
POL1926,96,TRUE,Cole-Palmer,2023-02-27,3801.19,33282.99,0.76,1d758682-cf2b-4b67-bfa6-f4a42b1e2620
POL1927,39,TRUE,Brown-Williams,2023-09-02,24410.97,60745.41,0.76,84591ab3-0b42-489e-b1b1-57dd877d9e2c
POL1928,18,FALSE,Gray-Gutierrez,2021-02-07,0,0,0,3e857a0f-1dbe-4025-a287-29f3e7fd926d
POL1929,54,TRUE,"Dominguez, Bowman and Hall",2023-10-17,19612.99,54947.31,0.5,2a7b4e70-0d33-4f8e-9f77-41c7b6dced98
POL1930,57,TRUE,Bonilla-Spencer,2020-08-18,21555.05,46881.92,0.51,f16d5b5a-7f08-4725-b5c0-2d30d7fdd962
POL1931,35,TRUE,"Graham, Roberts and Washington",2023-12-18,3896.4,13886.61,0.9,e2f0c7c9-c59d-4a67-9b6b-503442bc7c52
POL1932,81,TRUE,Craig-Reynolds,2020-01-27,11283.35,12697.88,0.5,2a7b4e70-0d33-4f8e-9f77-41c7b6dced98
POL1933,40,FALSE,Klein-Dickson,2022-03-16,0,0,0,957fbded-8264-40c0-9c86-4b3b55b2c2a7
POL1934,46,TRUE,"Bowen, Turner and Kelley",2021-10-07,24847.94,59072.85,0.25,84591ab3-0b42-489e-b1b1-57dd877d9e2c
POL1935,112,TRUE,Barnes-Mcintyre,2023-07-26,7985.63,33991.62,0.09,e2f0c7c9-c59d-4a67-9b6b-503442bc7c52
POL1936,33,TRUE,"Barton, Reed and Coleman",2020-11-17,21104.73,42797.22,0.38,b2a5ef1c-1e59-48e8-893e-2cd32a1985dc
POL1937,57,TRUE,Collins-Maldonado,2021-07-28,19609.53,30796.87,0.87,e2f0c7c9-c59d-4a67-9b6b-503442bc7c52
POL1938,86,TRUE,Hall-Johnson,2022-11-22,14852.54,18228.4,0.34,e2f0c7c9-c59d-4a67-9b6b-503442bc7c52
POL1939,26,FALSE,Moore-Underwood,2023-11-15,0,0,0,4c9016d3-b681-4ad4-998f-6d09bbfbb21f
POL1940,14,FALSE,Wiley-Parsons,2022-11-03,0,0,0,957fbded-8264-40c0-9c86-4b3b55b2c2a7
POL1941,69,FALSE,Hahn Inc,2020-10-12,0,0,0,1d758682-cf2b-4b67-bfa6-f4a42b1e2620
POL1942,26,TRUE,Banks and Sons,2023-10-09,20592.14,53904.97,0.36,957fbded-8264-40c0-9c86-4b3b55b2c2a7
POL1943,20,FALSE,Pena Ltd,2023-03-07,0,0,0,2a7b4e70-0d33-4f8e-9f77-41c7b6dced98
POL1944,86,FALSE,Leonard-White,2020-08-18,0,0,0,f16d5b5a-7f08-4725-b5c0-2d30d7fdd962
POL1945,85,FALSE,Alexander-Rubio,2020-09-03,0,0,0,4c9016d3-b681-4ad4-998f-6d09bbfbb21f
POL1946,28,FALSE,Moore and Sons,2023-02-27,0,0,0,e2f0c7c9-c59d-4a67-9b6b-503442bc7c52
POL1947,62,TRUE,Guerrero Group,2021-02-05,11916.74,52764.41,0.63,1d758682-cf2b-4b67-bfa6-f4a42b1e2620
POL1948,92,FALSE,"Campbell, Yates and Turner",2023-12-14,0,0,0,f16d5b5a-7f08-4725-b5c0-2d30d7fdd962
POL1949,19,FALSE,Willis LLC,2023-11-12,0,0,0,1d758682-cf2b-4b67-bfa6-f4a42b1e2620
POL1950,103,TRUE,Wolf-Jones,2020-03-08,922.99,37508.57,0.14,3e857a0f-1dbe-4025-a287-29f3e7fd926d
POL1951,61,FALSE,"Dawson, Carter and Conrad",2022-08-15,0,0,0,3e857a0f-1dbe-4025-a287-29f3e7fd926d
POL1952,53,FALSE,Schultz-Kelley,2020-05-17,0,0,0,f16d5b5a-7f08-4725-b5c0-2d30d7fdd962
POL1953,86,FALSE,Gray Inc,2022-12-27,0,0,0,e2f0c7c9-c59d-4a67-9b6b-503442bc7c52
POL1954,1,FALSE,Williams-Norton,2022-04-25,0,0,0,e2f0c7c9-c59d-4a67-9b6b-503442bc7c52
POL1955,103,TRUE,Wood LLC,2022-04-14,17445.9,24237.65,0.04,3e857a0f-1dbe-4025-a287-29f3e7fd926d
POL1956,63,FALSE,Brown-Johnson,2022-01-06,0,0,0,1d758682-cf2b-4b67-bfa6-f4a42b1e2620
POL1957,112,FALSE,Moore PLC,2022-08-29,0,0,0,84591ab3-0b42-489e-b1b1-57dd877d9e2c
POL1958,43,TRUE,Harrison Inc,2022-01-29,18023.02,33513.82,0.69,4c9016d3-b681-4ad4-998f-6d09bbfbb21f
POL1959,120,TRUE,"Taylor, Meza and Castro",2022-03-18,23360.19,40181.08,0.74,4c9016d3-b681-4ad4-998f-6d09bbfbb21f
POL1960,4,FALSE,Jones Inc,2021-04-05,0,0,0,1d758682-cf2b-4b67-bfa6-f4a42b1e2620
POL1961,16,FALSE,"Waters, Wilson and Hoover",2022-11-02,0,0,0,f16d5b5a-7f08-4725-b5c0-2d30d7fdd962
POL1962,8,TRUE,Reynolds-Wilson,2020-11-05,17834.5,57599.39,0.34,4c9016d3-b681-4ad4-998f-6d09bbfbb21f
POL1963,90,FALSE,"Heath, Benitez and Acosta",2021-12-06,0,0,0,3e857a0f-1dbe-4025-a287-29f3e7fd926d
POL1964,86,TRUE,Fernandez and Sons,2020-09-26,19639,36005.37,0.09,4c9016d3-b681-4ad4-998f-6d09bbfbb21f
POL1965,105,TRUE,Blair-Henderson,2020-02-13,3753.19,41382.39,0.67,f16d5b5a-7f08-4725-b5c0-2d30d7fdd962
POL1966,118,TRUE,Miller PLC,2022-11-14,19676.49,64321.78,0.11,e2f0c7c9-c59d-4a67-9b6b-503442bc7c52
POL1967,77,TRUE,Cross PLC,2023-04-05,8170.33,38836.36,0.13,84591ab3-0b42-489e-b1b1-57dd877d9e2c
POL1968,106,TRUE,Davis Group,2022-11-01,15856.04,55530.42,0.63,3e857a0f-1dbe-4025-a287-29f3e7fd926d
POL1969,42,FALSE,Rice-Nguyen,2021-11-17,0,0,0,e2f0c7c9-c59d-4a67-9b6b-503442bc7c52
POL1970,23,TRUE,"Armstrong, Long and Parker",2022-05-31,22346.57,63695.59,0.77,957fbded-8264-40c0-9c86-4b3b55b2c2a7
POL1971,13,FALSE,"Steele, Hernandez and Sullivan",2022-12-14,0,0,0,b2a5ef1c-1e59-48e8-893e-2cd32a1985dc
POL1972,101,FALSE,Moss-Dunlap,2023-04-04,0,0,0,84591ab3-0b42-489e-b1b1-57dd877d9e2c
POL1973,78,TRUE,"Brooks, Smith and Thomas",2021-03-07,18799.69,44153.41,0.35,2a7b4e70-0d33-4f8e-9f77-41c7b6dced98
POL1974,1,TRUE,"Maldonado, Clark and Leach",2021-08-03,13551.01,35009.23,0.45,69fc20d0-9aa6-4ad0-a0a0-1a9f7a9a20de
POL1975,79,TRUE,Wilson Group,2021-10-29,5914.31,35615.47,0.39,84591ab3-0b42-489e-b1b1-57dd877d9e2c
POL1976,5,FALSE,"Webb, Martinez and Church",2020-10-31,0,0,0,1d758682-cf2b-4b67-bfa6-f4a42b1e2620
POL1977,72,TRUE,Brennan and Sons,2021-12-14,23806.91,65653.77,0.36,2a7b4e70-0d33-4f8e-9f77-41c7b6dced98
POL1978,24,TRUE,"Bell, Burgess and Gonzalez",2023-05-23,13039.04,24860.02,0.45,2a7b4e70-0d33-4f8e-9f77-41c7b6dced98
POL1979,110,FALSE,"Davis, Mcguire and Thomas",2020-11-16,0,0,0,b2a5ef1c-1e59-48e8-893e-2cd32a1985dc
POL1980,94,FALSE,Flores-Walters,2023-12-01,0,0,0,f16d5b5a-7f08-4725-b5c0-2d30d7fdd962
POL1981,92,TRUE,"Lambert, Sanchez and Lloyd",2023-09-25,2728.16,34864.44,0.02,1d758682-cf2b-4b67-bfa6-f4a42b1e2620
POL1982,101,TRUE,Bernard Group,2021-02-23,24258.19,46880.99,0.63,3e857a0f-1dbe-4025-a287-29f3e7fd926d
POL1983,117,TRUE,"Kelly, Little and Hall",2020-02-17,11929.87,56337.77,0.87,3e857a0f-1dbe-4025-a287-29f3e7fd926d
POL1984,44,TRUE,Burch Group,2022-07-25,1647.87,48045.12,0.18,1d758682-cf2b-4b67-bfa6-f4a42b1e2620
POL1985,29,TRUE,"Nelson, Marsh and Gillespie",2023-08-25,24052.15,49348.74,0.99,957fbded-8264-40c0-9c86-4b3b55b2c2a7
POL1986,95,TRUE,Garner LLC,2020-07-18,22198.69,42574.05,0.78,b2a5ef1c-1e59-48e8-893e-2cd32a1985dc
POL1987,29,TRUE,"Miller, Rogers and Butler",2021-10-17,665.6,30149.51,0.19,69fc20d0-9aa6-4ad0-a0a0-1a9f7a9a20de
POL1988,60,FALSE,"Adams, Rios and Daugherty",2020-02-07,0,0,0,957fbded-8264-40c0-9c86-4b3b55b2c2a7
POL1989,19,TRUE,"White, Wood and Sampson",2023-09-26,1035.26,31699.41,0.84,957fbded-8264-40c0-9c86-4b3b55b2c2a7
POL1990,23,FALSE,"Walters, Jackson and Gonzalez",2022-11-26,0,0,0,b2a5ef1c-1e59-48e8-893e-2cd32a1985dc
POL1991,104,FALSE,"Bishop, Jones and Mitchell",2020-12-24,0,0,0,84591ab3-0b42-489e-b1b1-57dd877d9e2c
POL1992,7,FALSE,"Gregory, Scott and Johnson",2020-12-11,0,0,0,e2f0c7c9-c59d-4a67-9b6b-503442bc7c52
POL1993,18,TRUE,"Moore, Jackson and Sullivan",2023-05-05,7981.93,17337.94,0.47,b2a5ef1c-1e59-48e8-893e-2cd32a1985dc
POL1994,90,TRUE,"Dunn, Gonzalez and Levy",2023-01-21,21570.45,37039.01,0.79,f16d5b5a-7f08-4725-b5c0-2d30d7fdd962
POL1995,89,TRUE,"Daniels, Mathews and Lopez",2020-05-16,5427.71,10316.03,0.23,4c9016d3-b681-4ad4-998f-6d09bbfbb21f
POL1996,111,TRUE,"Barrett, Watkins and Nixon",2023-04-18,22105.19,68705.7,0.91,4c9016d3-b681-4ad4-998f-6d09bbfbb21f
POL1997,99,TRUE,Diaz-Wise,2021-10-27,23989.09,32075.91,0.45,2a7b4e70-0d33-4f8e-9f77-41c7b6dced98
POL1998,72,FALSE,Barnes and Sons,2022-10-07,0,0,0,1d758682-cf2b-4b67-bfa6-f4a42b1e2620
POL1999,103,FALSE,Booth-Perez,2023-03-11,0,0,0,4c9016d3-b681-4ad4-998f-6d09bbfbb21f
POL1000,11,TRUE,Chang-Fisher,2022-07-10,13138.28,61838.64,0.87,2a7b4e70-0d33-4f8e-9f77-41c7b6dced98
POL1001,23,FALSE,Sheppard-Tucker,2021-04-06,0,0,0,957fbded-8264-40c0-9c86-4b3b55b2c2a7
POL1002,9,FALSE,Faulkner-Howard,2022-09-26,0,0,0,69fc20d0-9aa6-4ad0-a0a0-1a9f7a9a20de
POL1003,83,FALSE,Wagner LLC,2020-07-03,0,0,0,69fc20d0-9aa6-4ad0-a0a0-1a9f7a9a20de
POL1004,33,TRUE,Campos PLC,2022-06-30,19613.79,40486.41,0.41,84591ab3-0b42-489e-b1b1-57dd877d9e2c
POL1005,32,FALSE,Archer-Patel,2021-09-03,0,0,0,957fbded-8264-40c0-9c86-4b3b55b2c2a7
POL1006,93,TRUE,"Patrick, Barrera and Collins",2022-11-24,10948.27,19197.51,0.64,4c9016d3-b681-4ad4-998f-6d09bbfbb21f
POL1007,40,TRUE,"Jones, Jefferson and Rivera",2022-03-13,3814.58,30198.47,0.97,69fc20d0-9aa6-4ad0-a0a0-1a9f7a9a20de
POL1008,1,TRUE,"Garcia, Hamilton and Carr",2022-04-10,13925.55,42375.09,0.75,84591ab3-0b42-489e-b1b1-57dd877d9e2c
POL1009,89,TRUE,Levy Group,2023-11-05,24319.54,69023.37,0.35,2a7b4e70-0d33-4f8e-9f77-41c7b6dced98
POL1010,44,TRUE,Grimes-Green,2020-01-05,17646.03,29772.33,0.25,84591ab3-0b42-489e-b1b1-57dd877d9e2c
POL1011,117,FALSE,"Moon, Davis and Larsen",2023-09-06,0,0,0,4c9016d3-b681-4ad4-998f-6d09bbfbb21f
POL1012,67,TRUE,"Summers, Barnett and Smith",2021-05-29,13057.22,37959.85,0.12,1d758682-cf2b-4b67-bfa6-f4a42b1e2620
POL1013,91,FALSE,Clayton-Cook,2021-07-11,0,0,0,1d758682-cf2b-4b67-bfa6-f4a42b1e2620
POL1014,115,FALSE,"Nguyen, Harrell and Lee",2021-03-09,0,0,0,3e857a0f-1dbe-4025-a287-29f3e7fd926d
POL1015,18,TRUE,"Walker, Pratt and Thomas",2023-06-27,24825.02,30428.59,0.44,4c9016d3-b681-4ad4-998f-6d09bbfbb21f
POL1016,94,FALSE,"West, Miller and Flores",2023-05-23,0,0,0,e2f0c7c9-c59d-4a67-9b6b-503442bc7c52
POL1017,105,FALSE,"Bolton, Burns and Turner",2022-04-22,0,0,0,2a7b4e70-0d33-4f8e-9f77-41c7b6dced98
POL1018,110,TRUE,Mann-Kelley,2020-02-22,14260.22,16656.9,0.14,3e857a0f-1dbe-4025-a287-29f3e7fd926d
POL1019,82,TRUE,"Harris, Lloyd and Payne",2020-05-06,6961.88,20863.31,0.92,84591ab3-0b42-489e-b1b1-57dd877d9e2c
POL1020,8,FALSE,Wallace-Carlson,2022-08-23,0,0,0,e2f0c7c9-c59d-4a67-9b6b-503442bc7c52
POL1021,93,TRUE,Stewart-Allen,2021-04-08,15213.83,27050.86,0.96,957fbded-8264-40c0-9c86-4b3b55b2c2a7
POL1022,26,FALSE,Lopez and Sons,2022-09-25,0,0,0,e2f0c7c9-c59d-4a67-9b6b-503442bc7c52
POL1023,114,TRUE,Salazar Ltd,2023-08-31,15605.59,50356.44,0.3,957fbded-8264-40c0-9c86-4b3b55b2c2a7
POL1024,70,FALSE,Alvarez-Davis,2020-01-31,0,0,0,957fbded-8264-40c0-9c86-4b3b55b2c2a7
POL1025,98,FALSE,Mcdowell Inc,2023-05-12,0,0,0,84591ab3-0b42-489e-b1b1-57dd877d9e2c
POL1026,2,TRUE,Villanueva PLC,2021-06-05,13705.55,17630.09,0.96,84591ab3-0b42-489e-b1b1-57dd877d9e2c
POL1027,52,TRUE,"Myers, Thornton and Hill",2023-01-17,20149.41,21240.46,0.15,e2f0c7c9-c59d-4a67-9b6b-503442bc7c52
POL1028,119,TRUE,Atkinson Ltd,2021-04-29,16994.9,37381.78,0.86,957fbded-8264-40c0-9c86-4b3b55b2c2a7
POL1029,56,TRUE,"Bryan, Barnes and Hill",2021-01-07,11861.17,51749.49,0.13,2a7b4e70-0d33-4f8e-9f77-41c7b6dced98
POL1030,52,FALSE,Keller-Davies,2022-10-15,0,0,0,69fc20d0-9aa6-4ad0-a0a0-1a9f7a9a20de
POL1031,104,TRUE,Miller-Salazar,2020-03-14,21635.21,53995.49,0.89,2a7b4e70-0d33-4f8e-9f77-41c7b6dced98
POL1032,22,FALSE,Matthews-Rogers,2021-06-04,0,0,0,b2a5ef1c-1e59-48e8-893e-2cd32a1985dc
POL1033,7,FALSE,Sanchez Ltd,2023-10-29,0,0,0,4c9016d3-b681-4ad4-998f-6d09bbfbb21f
POL1034,50,FALSE,Wilson-Robinson,2022-03-10,0,0,0,1d758682-cf2b-4b67-bfa6-f4a42b1e2620
POL1035,57,TRUE,Cook Inc,2020-03-03,7279.7,17349.84,0.82,2a7b4e70-0d33-4f8e-9f77-41c7b6dced98
POL1036,96,TRUE,Logan Ltd,2022-03-19,23347.53,68262.2,0.49,3e857a0f-1dbe-4025-a287-29f3e7fd926d
POL1037,119,FALSE,Williams PLC,2020-07-04,0,0,0,b2a5ef1c-1e59-48e8-893e-2cd32a1985dc
POL1038,81,TRUE,"Kent, Ferguson and Becker",2020-01-05,12440.07,27684.65,0.09,957fbded-8264-40c0-9c86-4b3b55b2c2a7
POL1039,17,TRUE,Martinez and Sons,2020-01-19,12505.39,62249.95,0.8,957fbded-8264-40c0-9c86-4b3b55b2c2a7
POL1040,71,FALSE,"Greer, Wilson and Davis",2022-10-09,0,0,0,3e857a0f-1dbe-4025-a287-29f3e7fd926d
POL1041,101,TRUE,Johnson Inc,2022-06-14,10031.95,12281.44,0.94,3e857a0f-1dbe-4025-a287-29f3e7fd926d
POL1042,7,FALSE,Woodward and Sons,2020-08-12,0,0,0,e2f0c7c9-c59d-4a67-9b6b-503442bc7c52
POL1043,88,TRUE,"Martinez, Clark and Owen",2020-07-28,9449.2,32302.65,0.76,69fc20d0-9aa6-4ad0-a0a0-1a9f7a9a20de
POL1044,109,TRUE,"Johnson, Coleman and Garcia",2023-10-01,2046.7,4398.1,0.75,b2a5ef1c-1e59-48e8-893e-2cd32a1985dc
POL1045,45,TRUE,Jones-Jones,2023-08-30,19261.22,33872.29,0.15,69fc20d0-9aa6-4ad0-a0a0-1a9f7a9a20de
POL1046,58,FALSE,Bell-White,2021-05-14,0,0,0,84591ab3-0b42-489e-b1b1-57dd877d9e2c
POL1047,36,FALSE,"Mcdonald, Carlson and Lyons",2023-12-09,0,0,0,957fbded-8264-40c0-9c86-4b3b55b2c2a7
POL1048,73,FALSE,Gonzalez-Howard,2023-03-31,0,0,0,b2a5ef1c-1e59-48e8-893e-2cd32a1985dc
POL1049,95,TRUE,"Harrison, Barrera and Hudson",2022-10-09,8601.94,13547.02,0.82,f16d5b5a-7f08-4725-b5c0-2d30d7fdd962
POL1050,71,FALSE,"Chambers, Levy and Brown",2021-02-17,0,0,0,69fc20d0-9aa6-4ad0-a0a0-1a9f7a9a20de
POL1051,2,FALSE,"Moore, Martin and Moreno",2023-09-11,0,0,0,2a7b4e70-0d33-4f8e-9f77-41c7b6dced98
POL1052,59,TRUE,Carlson Group,2022-09-27,13521.26,33115.06,0.01,b2a5ef1c-1e59-48e8-893e-2cd32a1985dc
POL1053,37,TRUE,"Thompson, Ruiz and Ortiz",2023-08-04,16531.13,40373.09,0.8,e2f0c7c9-c59d-4a67-9b6b-503442bc7c52
POL1054,78,FALSE,"Golden, Lowery and Banks",2020-01-02,0,0,0,1d758682-cf2b-4b67-bfa6-f4a42b1e2620
POL1055,113,FALSE,Monroe-King,2020-11-27,0,0,0,f16d5b5a-7f08-4725-b5c0-2d30d7fdd962
POL1056,69,FALSE,"Vazquez, Ellis and Miller",2022-01-17,0,0,0,e2f0c7c9-c59d-4a67-9b6b-503442bc7c52
POL1057,57,TRUE,"Williams, Campbell and Allen",2021-07-26,16458.63,33212.54,0.86,e2f0c7c9-c59d-4a67-9b6b-503442bc7c52
POL1058,67,FALSE,Bell-Roberts,2023-02-22,0,0,0,69fc20d0-9aa6-4ad0-a0a0-1a9f7a9a20de
POL1059,105,FALSE,Garza-Mcclain,2020-11-02,0,0,0,84591ab3-0b42-489e-b1b1-57dd877d9e2c
POL1060,82,FALSE,"Anderson, Collins and Goodman",2023-10-31,0,0,0,69fc20d0-9aa6-4ad0-a0a0-1a9f7a9a20de
POL1061,116,FALSE,"Miller, Wheeler and Hale",2020-07-19,0,0,0,b2a5ef1c-1e59-48e8-893e-2cd32a1985dc
POL1062,21,FALSE,Allen Ltd,2023-11-18,0,0,0,b2a5ef1c-1e59-48e8-893e-2cd32a1985dc
POL1063,29,TRUE,Gray-Hutchinson,2020-05-24,20674.78,37926.12,0.92,4c9016d3-b681-4ad4-998f-6d09bbfbb21f
POL1064,20,FALSE,"Baxter, Johnson and Savage",2022-08-08,0,0,0,1d758682-cf2b-4b67-bfa6-f4a42b1e2620
POL1065,70,FALSE,"Barnes, Bates and Williams",2022-07-18,0,0,0,4c9016d3-b681-4ad4-998f-6d09bbfbb21f
POL1066,65,FALSE,Brown-Miles,2021-03-05,0,0,0,e2f0c7c9-c59d-4a67-9b6b-503442bc7c52
POL1067,31,TRUE,Rose-Freeman,2022-05-27,3691.77,39553.61,0.31,84591ab3-0b42-489e-b1b1-57dd877d9e2c
POL1068,78,FALSE,"Munoz, Smith and Williams",2023-07-30,0,0,0,f16d5b5a-7f08-4725-b5c0-2d30d7fdd962
POL1069,47,FALSE,Collins-Owens,2020-03-30,0,0,0,f16d5b5a-7f08-4725-b5c0-2d30d7fdd962
POL1070,71,FALSE,Lopez-Key,2020-12-29,0,0,0,f16d5b5a-7f08-4725-b5c0-2d30d7fdd962
POL1071,6,TRUE,"Irwin, Monroe and Anderson",2023-02-12,12859.4,51210.8,0.15,957fbded-8264-40c0-9c86-4b3b55b2c2a7
POL1072,110,TRUE,Morales Ltd,2020-09-02,10274,30897.89,0.7,1d758682-cf2b-4b67-bfa6-f4a42b1e2620
POL1073,36,FALSE,Stewart-Lewis,2021-08-04,0,0,0,84591ab3-0b42-489e-b1b1-57dd877d9e2c
POL1074,33,FALSE,"Fischer, Baird and Lowe",2022-05-13,0,0,0,f16d5b5a-7f08-4725-b5c0-2d30d7fdd962
POL1075,5,TRUE,"Davis, Wilson and Banks",2020-06-12,8609.95,25793.14,0.17,69fc20d0-9aa6-4ad0-a0a0-1a9f7a9a20de
POL1076,96,FALSE,Ramirez-Good,2023-03-29,0,0,0,84591ab3-0b42-489e-b1b1-57dd877d9e2c
POL1077,111,FALSE,Alvarez Group,2022-02-14,0,0,0,e2f0c7c9-c59d-4a67-9b6b-503442bc7c52
POL1078,35,TRUE,"Miller, Hill and Chavez",2020-04-06,6589.59,49616.32,0.57,b2a5ef1c-1e59-48e8-893e-2cd32a1985dc
POL1079,22,FALSE,Callahan and Sons,2021-03-08,0,0,0,84591ab3-0b42-489e-b1b1-57dd877d9e2c
POL1080,14,TRUE,"Meyer, Curtis and Reed",2020-10-10,3755.94,48015.08,0.76,69fc20d0-9aa6-4ad0-a0a0-1a9f7a9a20de
POL1081,3,TRUE,Ramirez Inc,2023-07-25,3373.69,24155.85,0.2,2a7b4e70-0d33-4f8e-9f77-41c7b6dced98
POL1082,35,FALSE,Williams Ltd,2022-11-03,0,0,0,957fbded-8264-40c0-9c86-4b3b55b2c2a7
POL1083,59,TRUE,Grant-Potts,2020-03-02,21640.44,43855.88,0.85,f16d5b5a-7f08-4725-b5c0-2d30d7fdd962
POL1084,98,FALSE,"Browning, Williams and Curry",2023-10-06,0,0,0,4c9016d3-b681-4ad4-998f-6d09bbfbb21f
POL1085,40,TRUE,"Lawson, Simpson and Schneider",2020-02-13,16354.38,52447.35,0.6,4c9016d3-b681-4ad4-998f-6d09bbfbb21f
POL1086,27,TRUE,Bowman-Watson,2022-08-19,16852.62,44749.54,0.06,69fc20d0-9aa6-4ad0-a0a0-1a9f7a9a20de
POL1087,89,TRUE,"Thompson, Bennett and Carter",2022-10-07,15757.1,33421.31,0.55,84591ab3-0b42-489e-b1b1-57dd877d9e2c
POL1088,71,FALSE,Hernandez LLC,2023-08-10,0,0,0,e2f0c7c9-c59d-4a67-9b6b-503442bc7c52
POL1089,1,TRUE,Clarke-Higgins,2022-07-12,1531.52,2685.25,0.93,1d758682-cf2b-4b67-bfa6-f4a42b1e2620
POL1090,120,TRUE,Chan-Johnson,2020-01-23,12320.23,37720.97,0.08,f16d5b5a-7f08-4725-b5c0-2d30d7fdd962
POL1091,56,TRUE,Martin-Holden,2023-08-21,10287.91,22242.17,0.04,69fc20d0-9aa6-4ad0-a0a0-1a9f7a9a20de
POL1092,92,TRUE,Ward-Hays,2023-08-13,12530.35,45884.83,0.52,1d758682-cf2b-4b67-bfa6-f4a42b1e2620
POL1093,94,FALSE,Carter Group,2021-01-27,0,0,0,f16d5b5a-7f08-4725-b5c0-2d30d7fdd962
POL1094,93,FALSE,"Allen, Williams and White",2023-03-21,0,0,0,4c9016d3-b681-4ad4-998f-6d09bbfbb21f
POL1095,40,FALSE,"Chandler, Turner and Houston",2020-10-06,0,0,0,4c9016d3-b681-4ad4-998f-6d09bbfbb21f
POL1096,101,FALSE,Perry-Garcia,2022-07-27,0,0,0,69fc20d0-9aa6-4ad0-a0a0-1a9f7a9a20de
POL1097,74,FALSE,Wells-Randall,2023-11-14,0,0,0,f16d5b5a-7f08-4725-b5c0-2d30d7fdd962
POL1098,45,TRUE,Martinez-Wilson,2021-10-02,8474.79,16178.16,0.3,e2f0c7c9-c59d-4a67-9b6b-503442bc7c52
POL1099,113,FALSE,Simmons-Turner,2020-06-25,0,0,0,957fbded-8264-40c0-9c86-4b3b55b2c2a7
POL1100,54,TRUE,"Mcdaniel, Moore and Jackson",2020-03-24,4489.11,27113.48,0.28,1d758682-cf2b-4b67-bfa6-f4a42b1e2620
POL1101,32,TRUE,"Bennett, Villegas and Fowler",2022-04-21,10642.29,16984.3,0.42,b2a5ef1c-1e59-48e8-893e-2cd32a1985dc
POL1102,25,FALSE,Morton and Sons,2020-08-25,0,0,0,957fbded-8264-40c0-9c86-4b3b55b2c2a7
POL1103,79,TRUE,"Walker, Cruz and Garcia",2022-03-18,21166.3,50932.48,0.49,4c9016d3-b681-4ad4-998f-6d09bbfbb21f
POL1104,11,TRUE,"Stone, West and Burns",2020-02-23,21368.99,36619.44,0.76,957fbded-8264-40c0-9c86-4b3b55b2c2a7
POL1105,91,FALSE,"Klein, Robinson and Miller",2021-06-20,0,0,0,4c9016d3-b681-4ad4-998f-6d09bbfbb21f
POL1106,92,TRUE,Hinton LLC,2020-05-17,11417.93,30916.36,0.13,2a7b4e70-0d33-4f8e-9f77-41c7b6dced98
POL1107,56,TRUE,"Waters, Reynolds and Howard",2023-07-23,22674,35011.56,0.73,b2a5ef1c-1e59-48e8-893e-2cd32a1985dc
POL1108,67,FALSE,Short Ltd,2020-10-04,0,0,0,84591ab3-0b42-489e-b1b1-57dd877d9e2c
POL1109,34,FALSE,Leach Group,2022-01-17,0,0,0,2a7b4e70-0d33-4f8e-9f77-41c7b6dced98
POL1110,16,FALSE,"Harris, Crawford and Scott",2020-05-06,0,0,0,1d758682-cf2b-4b67-bfa6-f4a42b1e2620
POL1111,58,FALSE,"Williams, Gould and Lewis",2020-05-09,0,0,0,f16d5b5a-7f08-4725-b5c0-2d30d7fdd962
POL1112,16,TRUE,Garcia Group,2021-06-11,14604.99,60033,0.58,3e857a0f-1dbe-4025-a287-29f3e7fd926d
POL1113,24,TRUE,Ward-Wilcox,2023-08-11,6600.82,18538.6,0.49,1d758682-cf2b-4b67-bfa6-f4a42b1e2620
POL1114,102,TRUE,Hinton Group,2020-11-21,5548.35,41592.13,0.13,1d758682-cf2b-4b67-bfa6-f4a42b1e2620
POL1115,40,TRUE,Elliott Ltd,2021-04-29,2236.64,41426.11,0.98,3e857a0f-1dbe-4025-a287-29f3e7fd926d
POL1116,47,FALSE,"Henderson, Boyd and Shelton",2021-02-24,0,0,0,84591ab3-0b42-489e-b1b1-57dd877d9e2c
POL1117,19,TRUE,Bass-Bolton,2022-09-20,5404.45,12543.74,0.31,3e857a0f-1dbe-4025-a287-29f3e7fd926d
POL1118,102,TRUE,"Santiago, Harris and Lynch",2023-09-30,17585.93,52066.28,0.01,e2f0c7c9-c59d-4a67-9b6b-503442bc7c52
POL1119,95,FALSE,Smith Ltd,2023-09-28,0,0,0,e2f0c7c9-c59d-4a67-9b6b-503442bc7c52
POL1120,34,TRUE,"Nolan, Meyers and Johnson",2021-08-04,9471.09,27502.39,0.73,69fc20d0-9aa6-4ad0-a0a0-1a9f7a9a20de
POL1121,67,TRUE,Baxter PLC,2023-10-12,3669.11,25800,0.66,957fbded-8264-40c0-9c86-4b3b55b2c2a7
POL1122,42,TRUE,Kirby PLC,2023-12-20,22284.32,25899.4,0.73,b2a5ef1c-1e59-48e8-893e-2cd32a1985dc
POL1123,104,FALSE,Robbins-Roman,2023-12-05,0,0,0,1d758682-cf2b-4b67-bfa6-f4a42b1e2620
POL1124,17,TRUE,Marsh PLC,2020-01-18,1946.32,35410.47,0.95,957fbded-8264-40c0-9c86-4b3b55b2c2a7
POL1125,51,FALSE,Jones and Sons,2021-08-28,0,0,0,1d758682-cf2b-4b67-bfa6-f4a42b1e2620
POL1126,20,TRUE,Turner Group,2020-03-25,9983.85,16796.74,0.88,4c9016d3-b681-4ad4-998f-6d09bbfbb21f
POL1127,61,TRUE,Atkins-Owen,2022-07-31,20526.43,23083.2,0.56,f16d5b5a-7f08-4725-b5c0-2d30d7fdd962
POL1128,115,TRUE,"Murray, Watson and Reyes",2021-12-08,18859,67101.41,0.33,e2f0c7c9-c59d-4a67-9b6b-503442bc7c52
POL1129,18,FALSE,"Shaw, Berry and Gregory",2022-03-15,0,0,0,3e857a0f-1dbe-4025-a287-29f3e7fd926d
POL1130,57,TRUE,"Chang, Mooney and Burgess",2023-01-14,2280.05,32983.63,0.37,3e857a0f-1dbe-4025-a287-29f3e7fd926d
POL1131,47,TRUE,Roberts PLC,2020-10-06,14013.34,58058.61,0.5,957fbded-8264-40c0-9c86-4b3b55b2c2a7
POL1132,18,TRUE,Petersen-Olson,2020-01-01,8569.53,40603.23,0.11,e2f0c7c9-c59d-4a67-9b6b-503442bc7c52
POL1133,26,TRUE,Lawson-Hall,2023-11-19,9608.02,57274.53,0.33,4c9016d3-b681-4ad4-998f-6d09bbfbb21f
POL1134,72,FALSE,Sandoval Inc,2021-05-14,0,0,0,1d758682-cf2b-4b67-bfa6-f4a42b1e2620
POL1135,110,FALSE,"White, Hunter and Scott",2020-03-14,0,0,0,4c9016d3-b681-4ad4-998f-6d09bbfbb21f
POL1136,108,TRUE,Snyder LLC,2020-08-07,15652.82,24745.99,0.48,4c9016d3-b681-4ad4-998f-6d09bbfbb21f
POL1137,34,FALSE,Barton-Cruz,2021-01-24,0,0,0,957fbded-8264-40c0-9c86-4b3b55b2c2a7
POL1138,33,FALSE,Brown-Davidson,2021-08-11,0,0,0,f16d5b5a-7f08-4725-b5c0-2d30d7fdd962
POL1139,12,TRUE,Allen Ltd,2022-09-10,16643.73,42305.09,0.03,957fbded-8264-40c0-9c86-4b3b55b2c2a7
POL1140,113,TRUE,Brown-Johnson,2023-06-17,9572.62,30533.82,0.27,2a7b4e70-0d33-4f8e-9f77-41c7b6dced98
POL1141,111,FALSE,Thomas-Wu,2023-08-12,0,0,0,84591ab3-0b42-489e-b1b1-57dd877d9e2c
POL1142,71,FALSE,"Love, Nunez and Hernandez",2020-10-14,0,0,0,1d758682-cf2b-4b67-bfa6-f4a42b1e2620
POL1143,16,TRUE,Jenkins-Carr,2022-07-26,13163.06,53453.59,0.68,e2f0c7c9-c59d-4a67-9b6b-503442bc7c52
POL1144,68,FALSE,Ellis-Garcia,2022-08-08,0,0,0,b2a5ef1c-1e59-48e8-893e-2cd32a1985dc
POL1145,96,TRUE,Smith PLC,2020-05-25,15973.2,56790.07,0.31,3e857a0f-1dbe-4025-a287-29f3e7fd926d
POL1146,58,TRUE,"Anderson, Nguyen and Graves",2020-11-22,24543.45,28418.19,0.62,f16d5b5a-7f08-4725-b5c0-2d30d7fdd962
POL1147,74,TRUE,"Reed, Reyes and Frank",2023-04-05,21141.23,38778.21,0.92,2a7b4e70-0d33-4f8e-9f77-41c7b6dced98
POL1148,47,FALSE,Rodriguez-Brown,2022-03-07,0,0,0,84591ab3-0b42-489e-b1b1-57dd877d9e2c
POL1149,120,TRUE,"Mcdonald, Chen and Morgan",2022-05-18,15390.58,40314.5,0.46,f16d5b5a-7f08-4725-b5c0-2d30d7fdd962
POL1150,43,TRUE,Montes Ltd,2021-07-12,17588.72,59774.91,0.42,3e857a0f-1dbe-4025-a287-29f3e7fd926d
POL1151,13,FALSE,"Phillips, Sweeney and Mullen",2022-05-05,0,0,0,957fbded-8264-40c0-9c86-4b3b55b2c2a7
POL1152,34,FALSE,Lloyd-Stark,2023-09-12,0,0,0,3e857a0f-1dbe-4025-a287-29f3e7fd926d
POL1153,92,TRUE,"Lucero, Martinez and Dalton",2023-04-08,14789.23,27121.78,0.16,1d758682-cf2b-4b67-bfa6-f4a42b1e2620
POL1154,104,FALSE,Johnson Group,2020-03-31,0,0,0,f16d5b5a-7f08-4725-b5c0-2d30d7fdd962
POL1155,107,TRUE,Watson-Lee,2020-04-12,5302.56,9305.66,0.48,4c9016d3-b681-4ad4-998f-6d09bbfbb21f
POL1156,16,FALSE,Clarke-Jones,2020-03-04,0,0,0,b2a5ef1c-1e59-48e8-893e-2cd32a1985dc
POL1157,101,FALSE,Winters Inc,2023-05-19,0,0,0,69fc20d0-9aa6-4ad0-a0a0-1a9f7a9a20de
POL1158,118,FALSE,Scott-Johnson,2020-06-24,0,0,0,1d758682-cf2b-4b67-bfa6-f4a42b1e2620
POL1159,56,TRUE,"Estrada, Armstrong and Robinson",2021-12-07,12554.32,41165.96,0.76,2a7b4e70-0d33-4f8e-9f77-41c7b6dced98
POL1160,79,FALSE,Frank Ltd,2021-08-04,0,0,0,b2a5ef1c-1e59-48e8-893e-2cd32a1985dc
POL1161,73,FALSE,"Hale, Fisher and Torres",2020-11-13,0,0,0,b2a5ef1c-1e59-48e8-893e-2cd32a1985dc
POL1162,39,FALSE,Thomas PLC,2022-06-17,0,0,0,b2a5ef1c-1e59-48e8-893e-2cd32a1985dc
POL1163,101,FALSE,Livingston-Walls,2020-11-09,0,0,0,3e857a0f-1dbe-4025-a287-29f3e7fd926d
POL1164,108,FALSE,Brown-Perry,2021-12-06,0,0,0,1d758682-cf2b-4b67-bfa6-f4a42b1e2620
POL1165,24,TRUE,Navarro Inc,2023-04-14,22651.07,24992.81,0.63,4c9016d3-b681-4ad4-998f-6d09bbfbb21f
POL1166,66,FALSE,Jordan-Butler,2020-02-07,0,0,0,f16d5b5a-7f08-4725-b5c0-2d30d7fdd962
POL1167,46,FALSE,Calhoun-Rivers,2022-01-29,0,0,0,b2a5ef1c-1e59-48e8-893e-2cd32a1985dc
POL1168,89,TRUE,"King, Gomez and Martinez",2022-12-03,1111.05,33727.5,0.29,957fbded-8264-40c0-9c86-4b3b55b2c2a7
POL1169,90,TRUE,"Johnson, Bailey and Smith",2021-08-08,10302.68,29353.46,0.16,e2f0c7c9-c59d-4a67-9b6b-503442bc7c52
POL1170,88,FALSE,Fuentes Inc,2022-08-15,0,0,0,f16d5b5a-7f08-4725-b5c0-2d30d7fdd962
POL1171,53,FALSE,"Barry, Clark and Harris",2022-09-17,0,0,0,f16d5b5a-7f08-4725-b5c0-2d30d7fdd962
POL1172,105,FALSE,"Dennis, Santana and Adkins",2021-05-22,0,0,0,69fc20d0-9aa6-4ad0-a0a0-1a9f7a9a20de
POL1173,89,FALSE,Wood-Johnson,2022-01-16,0,0,0,69fc20d0-9aa6-4ad0-a0a0-1a9f7a9a20de
POL1174,102,TRUE,"Hall, Thomas and Gibson",2023-11-08,23111.31,53494.81,0.81,84591ab3-0b42-489e-b1b1-57dd877d9e2c
POL1175,98,TRUE,Cooper-Haley,2022-05-31,22072.2,30784.59,0.47,69fc20d0-9aa6-4ad0-a0a0-1a9f7a9a20de
POL1176,84,FALSE,Johnson and Sons,2023-08-29,0,0,0,69fc20d0-9aa6-4ad0-a0a0-1a9f7a9a20de
POL1177,62,TRUE,Rogers-Woodward,2023-08-08,784.5,12155.71,0.15,4c9016d3-b681-4ad4-998f-6d09bbfbb21f
POL1178,38,TRUE,Giles-Rubio,2022-08-31,19221.94,67021.24,0.54,84591ab3-0b42-489e-b1b1-57dd877d9e2c
POL1179,77,TRUE,"Murphy, Watkins and Miller",2021-02-10,7494.99,40370.98,0.07,2a7b4e70-0d33-4f8e-9f77-41c7b6dced98
POL1180,1,FALSE,"Carpenter, Moore and Hurst",2021-06-06,0,0,0,69fc20d0-9aa6-4ad0-a0a0-1a9f7a9a20de
POL1181,21,TRUE,Brock LLC,2023-07-21,9545,46781.99,0.79,b2a5ef1c-1e59-48e8-893e-2cd32a1985dc
POL1182,9,FALSE,"Sanchez, Fischer and Carter",2022-09-26,0,0,0,f16d5b5a-7f08-4725-b5c0-2d30d7fdd962
POL1183,54,TRUE,Alvarado-Callahan,2022-06-02,22138.3,42264.29,0.83,3e857a0f-1dbe-4025-a287-29f3e7fd926d
POL1184,111,TRUE,"Smith, Miller and Jones",2023-11-11,22622.57,38884.99,0.11,2a7b4e70-0d33-4f8e-9f77-41c7b6dced98
POL1185,100,TRUE,Evans-Butler,2022-10-27,1721.77,16259.84,0.22,f16d5b5a-7f08-4725-b5c0-2d30d7fdd962
POL1186,101,TRUE,Garza LLC,2020-02-26,14951.81,17464.11,0.08,2a7b4e70-0d33-4f8e-9f77-41c7b6dced98
POL1187,10,FALSE,"Gomez, Wright and Chen",2020-01-01,0,0,0,957fbded-8264-40c0-9c86-4b3b55b2c2a7
POL1188,30,TRUE,"Rush, Brown and Ortiz",2022-08-12,22015.31,29966.25,0.75,e2f0c7c9-c59d-4a67-9b6b-503442bc7c52
POL1189,111,TRUE,Hayden-Valenzuela,2023-08-08,10037.96,38942.27,0.32,e2f0c7c9-c59d-4a67-9b6b-503442bc7c52
POL1190,46,FALSE,Harris-Carter,2020-10-02,0,0,0,84591ab3-0b42-489e-b1b1-57dd877d9e2c
POL1191,112,TRUE,Davis-Lopez,2023-05-02,9051.98,15671.84,0.99,1d758682-cf2b-4b67-bfa6-f4a42b1e2620
POL1192,75,FALSE,Hill PLC,2020-04-02,0,0,0,4c9016d3-b681-4ad4-998f-6d09bbfbb21f
POL1193,81,TRUE,"Watts, Flynn and Griffin",2021-07-21,4635.98,26228.31,0.74,69fc20d0-9aa6-4ad0-a0a0-1a9f7a9a20de
POL1194,26,TRUE,Lopez-Fisher,2023-07-29,7628.02,15296.91,0.25,84591ab3-0b42-489e-b1b1-57dd877d9e2c
POL1195,58,FALSE,Wright Group,2023-12-04,0,0,0,2a7b4e70-0d33-4f8e-9f77-41c7b6dced98
POL1196,12,FALSE,Giles-Thomas,2020-03-31,0,0,0,4c9016d3-b681-4ad4-998f-6d09bbfbb21f
POL1197,39,TRUE,Welch-Miller,2023-03-23,10585.7,21884.78,0.83,2a7b4e70-0d33-4f8e-9f77-41c7b6dced98
POL1198,10,FALSE,Phillips Ltd,2023-04-12,0,0,0,f16d5b5a-7f08-4725-b5c0-2d30d7fdd962
POL1199,3,TRUE,Montgomery-Smith,2021-11-16,4544.67,27237.3,0.23,2a7b4e70-0d33-4f8e-9f77-41c7b6dced98
POL1200,107,TRUE,Wilson-Irwin,2023-07-15,11192.19,41825.49,0.61,1d758682-cf2b-4b67-bfa6-f4a42b1e2620
POL1201,68,TRUE,Gardner-Moore,2023-08-23,4489.45,13923,0.46,1d758682-cf2b-4b67-bfa6-f4a42b1e2620
POL1202,79,FALSE,"Potter, Davis and Jimenez",2023-02-21,0,0,0,e2f0c7c9-c59d-4a67-9b6b-503442bc7c52
POL1203,3,FALSE,Stephens Group,2020-08-05,0,0,0,957fbded-8264-40c0-9c86-4b3b55b2c2a7
POL1204,66,FALSE,Chen-Smith,2021-03-06,0,0,0,957fbded-8264-40c0-9c86-4b3b55b2c2a7
POL1205,57,FALSE,Stephenson-Williams,2020-10-11,0,0,0,e2f0c7c9-c59d-4a67-9b6b-503442bc7c52
POL1206,50,FALSE,Ross-Zamora,2023-10-11,0,0,0,f16d5b5a-7f08-4725-b5c0-2d30d7fdd962
POL1207,81,TRUE,"Foster, Garcia and King",2020-03-01,4273.29,24779.06,0.75,2a7b4e70-0d33-4f8e-9f77-41c7b6dced98
POL1208,24,TRUE,Savage-Chambers,2021-11-26,2019.69,10461.65,0.32,957fbded-8264-40c0-9c86-4b3b55b2c2a7
POL1209,48,FALSE,Larson Inc,2022-04-23,0,0,0,b2a5ef1c-1e59-48e8-893e-2cd32a1985dc
POL1210,118,FALSE,Sparks LLC,2020-09-05,0,0,0,1d758682-cf2b-4b67-bfa6-f4a42b1e2620
POL1211,21,TRUE,"Morgan, Moreno and Wright",2021-08-05,9871.79,36874.14,0.27,e2f0c7c9-c59d-4a67-9b6b-503442bc7c52
POL1212,77,FALSE,Jones LLC,2020-07-01,0,0,0,3e857a0f-1dbe-4025-a287-29f3e7fd926d
POL1213,104,TRUE,Meyer-Berry,2023-04-02,7985.35,36272.89,0.55,1d758682-cf2b-4b67-bfa6-f4a42b1e2620
POL1214,65,FALSE,"Clark, Garcia and Sosa",2020-01-06,0,0,0,957fbded-8264-40c0-9c86-4b3b55b2c2a7
POL1215,104,TRUE,"Powell, Osborne and French",2021-07-29,14647.57,22989.2,0.61,957fbded-8264-40c0-9c86-4b3b55b2c2a7
POL1216,14,FALSE,Ramos-Carroll,2021-01-23,0,0,0,f16d5b5a-7f08-4725-b5c0-2d30d7fdd962
POL1217,47,TRUE,Moore Ltd,2020-09-18,16085.22,22887.99,0.03,69fc20d0-9aa6-4ad0-a0a0-1a9f7a9a20de
POL1218,91,TRUE,James PLC,2023-07-24,19732.88,52309.25,0.07,e2f0c7c9-c59d-4a67-9b6b-503442bc7c52
POL1219,79,TRUE,Taylor-Barnett,2022-08-09,3601.84,38409.33,0.87,f16d5b5a-7f08-4725-b5c0-2d30d7fdd962
POL1220,96,FALSE,Chen-Newton,2022-01-22,0,0,0,2a7b4e70-0d33-4f8e-9f77-41c7b6dced98
POL1221,102,FALSE,Woods Ltd,2022-01-13,0,0,0,1d758682-cf2b-4b67-bfa6-f4a42b1e2620
POL1222,94,TRUE,"Flores, Pearson and Brown",2021-09-04,17584.89,49008.28,0.11,4c9016d3-b681-4ad4-998f-6d09bbfbb21f
POL1223,92,FALSE,Thomas-Simpson,2023-01-15,0,0,0,4c9016d3-b681-4ad4-998f-6d09bbfbb21f
POL1224,6,FALSE,"Lewis, Kelly and Myers",2021-03-19,0,0,0,84591ab3-0b42-489e-b1b1-57dd877d9e2c
POL1225,15,FALSE,Mathis Inc,2020-12-17,0,0,0,f16d5b5a-7f08-4725-b5c0-2d30d7fdd962
POL1226,83,FALSE,"Camacho, Parks and Harmon",2023-07-10,0,0,0,957fbded-8264-40c0-9c86-4b3b55b2c2a7
POL1227,17,TRUE,"Foster, Ward and Wilson",2022-11-05,4753.58,41400.08,0.21,3e857a0f-1dbe-4025-a287-29f3e7fd926d
POL1228,1,FALSE,Key Ltd,2023-01-16,0,0,0,b2a5ef1c-1e59-48e8-893e-2cd32a1985dc
POL1229,113,TRUE,"Carter, Lester and Taylor",2022-06-08,10802.7,27404.73,0.17,2a7b4e70-0d33-4f8e-9f77-41c7b6dced98
POL1230,63,FALSE,"Roberts, Garcia and Murray",2020-08-06,0,0,0,e2f0c7c9-c59d-4a67-9b6b-503442bc7c52
POL1231,77,FALSE,Cruz-Rivera,2021-02-28,0,0,0,b2a5ef1c-1e59-48e8-893e-2cd32a1985dc
POL1232,70,FALSE,"Prince, Graham and West",2023-07-07,0,0,0,1d758682-cf2b-4b67-bfa6-f4a42b1e2620
POL1233,88,TRUE,"Hernandez, Stewart and Clark",2020-02-14,20362.16,29612.73,0.31,e2f0c7c9-c59d-4a67-9b6b-503442bc7c52
POL1234,94,FALSE,Wallace Group,2020-09-28,0,0,0,f16d5b5a-7f08-4725-b5c0-2d30d7fdd962
POL1235,101,TRUE,Roman-Price,2020-09-08,6604.06,23538.48,0.58,84591ab3-0b42-489e-b1b1-57dd877d9e2c
POL1236,27,FALSE,Pope Group,2020-07-22,0,0,0,f16d5b5a-7f08-4725-b5c0-2d30d7fdd962
POL1237,55,TRUE,Willis Inc,2020-11-22,18949.83,43004.74,0.72,957fbded-8264-40c0-9c86-4b3b55b2c2a7
POL1238,37,TRUE,Johnson-Schultz,2020-06-07,1331.23,21151.14,0.35,957fbded-8264-40c0-9c86-4b3b55b2c2a7
POL1239,13,TRUE,Cox Ltd,2023-09-01,24214.03,56992.35,0.56,3e857a0f-1dbe-4025-a287-29f3e7fd926d
POL1240,72,FALSE,"Byrd, Hall and Evans",2022-07-08,0,0,0,1d758682-cf2b-4b67-bfa6-f4a42b1e2620
POL1241,55,TRUE,Bush PLC,2021-04-28,22904.11,54155.06,0.51,69fc20d0-9aa6-4ad0-a0a0-1a9f7a9a20de
POL1242,17,FALSE,Wise-Andrade,2021-11-21,0,0,0,b2a5ef1c-1e59-48e8-893e-2cd32a1985dc
POL1243,14,FALSE,Ellis-Welch,2023-07-30,0,0,0,b2a5ef1c-1e59-48e8-893e-2cd32a1985dc
POL1244,71,TRUE,"Wade, Wong and Payne",2022-03-29,1751.41,8880.22,0.08,b2a5ef1c-1e59-48e8-893e-2cd32a1985dc
POL1245,78,FALSE,"Villa, Carpenter and Henry",2023-08-29,0,0,0,4c9016d3-b681-4ad4-998f-6d09bbfbb21f
POL1246,99,FALSE,"Alvarez, Rogers and Williams",2023-08-15,0,0,0,4c9016d3-b681-4ad4-998f-6d09bbfbb21f
POL1247,73,FALSE,Martin Inc,2021-07-24,0,0,0,b2a5ef1c-1e59-48e8-893e-2cd32a1985dc
POL1248,45,FALSE,Pena-Taylor,2020-07-14,0,0,0,b2a5ef1c-1e59-48e8-893e-2cd32a1985dc
POL1249,51,FALSE,Becker-Arellano,2021-02-18,0,0,0,b2a5ef1c-1e59-48e8-893e-2cd32a1985dc
POL1250,36,FALSE,Grant-Walker,2022-06-20,0,0,0,1d758682-cf2b-4b67-bfa6-f4a42b1e2620
POL1251,109,FALSE,Morgan Inc,2022-10-24,0,0,0,1d758682-cf2b-4b67-bfa6-f4a42b1e2620
POL1252,66,TRUE,"Andrade, Norton and Morris",2021-02-11,1206.42,21607.08,0.45,2a7b4e70-0d33-4f8e-9f77-41c7b6dced98
POL1253,108,FALSE,Barry-Scott,2021-12-25,0,0,0,f16d5b5a-7f08-4725-b5c0-2d30d7fdd962
POL1254,69,FALSE,"Williams, Wood and Clark",2023-11-11,0,0,0,f16d5b5a-7f08-4725-b5c0-2d30d7fdd962
POL1255,102,TRUE,"Reed, Hood and King",2023-02-08,19864.69,33938.6,0.57,3e857a0f-1dbe-4025-a287-29f3e7fd926d
POL1256,68,FALSE,"Fitzgerald, Collins and Heath",2020-01-19,0,0,0,3e857a0f-1dbe-4025-a287-29f3e7fd926d
POL1257,54,FALSE,Olson-Wiggins,2022-03-04,0,0,0,e2f0c7c9-c59d-4a67-9b6b-503442bc7c52
POL1258,81,FALSE,Williams PLC,2023-12-09,0,0,0,2a7b4e70-0d33-4f8e-9f77-41c7b6dced98
POL1259,31,FALSE,Smith Group,2021-03-20,0,0,0,84591ab3-0b42-489e-b1b1-57dd877d9e2c
POL1260,94,FALSE,"Kim, Stark and Jenkins",2021-08-22,0,0,0,69fc20d0-9aa6-4ad0-a0a0-1a9f7a9a20de
POL1261,61,FALSE,Stevens-Wilson,2023-03-06,0,0,0,84591ab3-0b42-489e-b1b1-57dd877d9e2c
POL1262,117,TRUE,Allen and Sons,2022-08-12,524.85,9390.01,0.43,69fc20d0-9aa6-4ad0-a0a0-1a9f7a9a20de
POL1263,103,FALSE,Henson-Lewis,2021-01-05,0,0,0,957fbded-8264-40c0-9c86-4b3b55b2c2a7
POL1264,46,FALSE,"Jones, Simmons and Fischer",2023-04-14,0,0,0,f16d5b5a-7f08-4725-b5c0-2d30d7fdd962
POL1265,59,TRUE,Williams-White,2020-10-25,16309.36,22380.9,0.36,b2a5ef1c-1e59-48e8-893e-2cd32a1985dc
POL1266,19,TRUE,Robinson-Pittman,2022-03-03,9502.35,37588.64,0.19,2a7b4e70-0d33-4f8e-9f77-41c7b6dced98
POL1267,15,FALSE,Michael-Flores,2023-08-21,0,0,0,2a7b4e70-0d33-4f8e-9f77-41c7b6dced98
POL1268,81,FALSE,Rodriguez-Lam,2021-11-28,0,0,0,84591ab3-0b42-489e-b1b1-57dd877d9e2c
POL1269,24,TRUE,"Weaver, Harris and Phillips",2021-05-20,22120.59,30773.02,0.16,f16d5b5a-7f08-4725-b5c0-2d30d7fdd962
POL1270,96,TRUE,Palmer-Murray,2021-07-18,879.58,28288.64,0.94,3e857a0f-1dbe-4025-a287-29f3e7fd926d
POL1271,118,FALSE,"Green, Hall and Wilson",2020-08-15,0,0,0,b2a5ef1c-1e59-48e8-893e-2cd32a1985dc
POL1272,11,TRUE,"Garcia, Quinn and Wright",2020-01-14,22414.07,68959.77,0.37,3e857a0f-1dbe-4025-a287-29f3e7fd926d
POL1273,11,TRUE,Hobbs-Osborn,2021-07-06,5677.32,6719.46,0.66,4c9016d3-b681-4ad4-998f-6d09bbfbb21f
POL1274,83,FALSE,Harmon PLC,2023-08-12,0,0,0,84591ab3-0b42-489e-b1b1-57dd877d9e2c
POL1275,44,TRUE,Trevino-Martinez,2020-03-10,19856.51,28149.59,0.31,e2f0c7c9-c59d-4a67-9b6b-503442bc7c52
POL1276,73,FALSE,"Nelson, Maddox and Cunningham",2022-02-26,0,0,0,3e857a0f-1dbe-4025-a287-29f3e7fd926d
POL1277,98,FALSE,Leonard Ltd,2022-11-24,0,0,0,2a7b4e70-0d33-4f8e-9f77-41c7b6dced98
POL1278,27,FALSE,"Guerrero, Walker and Decker",2022-12-04,0,0,0,1d758682-cf2b-4b67-bfa6-f4a42b1e2620
POL1279,55,TRUE,Brown LLC,2023-10-26,9501.08,32545.51,0.59,b2a5ef1c-1e59-48e8-893e-2cd32a1985dc
POL1280,105,FALSE,"Murphy, Brooks and Castillo",2022-05-11,0,0,0,b2a5ef1c-1e59-48e8-893e-2cd32a1985dc
POL1281,110,FALSE,"Jackson, Pacheco and Tran",2022-10-07,0,0,0,b2a5ef1c-1e59-48e8-893e-2cd32a1985dc
POL1282,116,FALSE,Richardson-Walters,2021-05-11,0,0,0,f16d5b5a-7f08-4725-b5c0-2d30d7fdd962
POL1283,90,FALSE,Mcdowell and Sons,2022-01-14,0,0,0,4c9016d3-b681-4ad4-998f-6d09bbfbb21f
POL1284,100,TRUE,Dixon Inc,2020-07-01,17822.16,40004.32,0.58,1d758682-cf2b-4b67-bfa6-f4a42b1e2620
POL1285,52,TRUE,Hubbard Group,2023-09-15,4752.1,23329.83,0.85,3e857a0f-1dbe-4025-a287-29f3e7fd926d
POL1286,103,FALSE,"Saunders, Costa and Young",2023-03-23,0,0,0,2a7b4e70-0d33-4f8e-9f77-41c7b6dced98
POL1287,24,FALSE,Cabrera Group,2021-11-11,0,0,0,84591ab3-0b42-489e-b1b1-57dd877d9e2c
POL1288,68,FALSE,Franklin-Anderson,2023-09-10,0,0,0,2a7b4e70-0d33-4f8e-9f77-41c7b6dced98
POL1289,34,FALSE,Lester-Rodriguez,2023-09-11,0,0,0,3e857a0f-1dbe-4025-a287-29f3e7fd926d
POL1290,111,TRUE,Fox LLC,2021-04-20,4282.34,21616.83,0.38,84591ab3-0b42-489e-b1b1-57dd877d9e2c
POL1291,116,TRUE,Bryant-Smith,2022-11-29,19427,35036.02,0.32,1d758682-cf2b-4b67-bfa6-f4a42b1e2620
POL1292,33,FALSE,Peters and Sons,2023-06-07,0,0,0,4c9016d3-b681-4ad4-998f-6d09bbfbb21f
POL1293,89,FALSE,"Koch, Lamb and Mclaughlin",2023-02-26,0,0,0,e2f0c7c9-c59d-4a67-9b6b-503442bc7c52
POL1294,68,TRUE,"Edwards, Abbott and Green",2023-12-16,3822.06,15150.3,0.63,4c9016d3-b681-4ad4-998f-6d09bbfbb21f
POL1295,45,TRUE,"Morales, Lee and Stewart",2022-07-08,23949.29,63868.45,0.24,957fbded-8264-40c0-9c86-4b3b55b2c2a7
POL1296,12,FALSE,Cruz-Brown,2023-01-05,0,0,0,84591ab3-0b42-489e-b1b1-57dd877d9e2c
POL1297,58,FALSE,Edwards Ltd,2023-02-20,0,0,0,4c9016d3-b681-4ad4-998f-6d09bbfbb21f
POL1298,66,TRUE,Cooper Group,2023-07-21,2266.16,32396.7,0.79,69fc20d0-9aa6-4ad0-a0a0-1a9f7a9a20de
POL1299,34,TRUE,"Swanson, Barrett and Green",2022-08-09,16447.42,44882.8,0.9,b2a5ef1c-1e59-48e8-893e-2cd32a1985dc
POL1300,109,FALSE,"Martin, Smith and Berry",2022-07-08,0,0,0,1d758682-cf2b-4b67-bfa6-f4a42b1e2620
POL1301,91,TRUE,Oconnor and Sons,2022-01-23,20118.65,30142.77,0.74,4c9016d3-b681-4ad4-998f-6d09bbfbb21f
POL1302,69,FALSE,Johnson-Burton,2022-12-24,0,0,0,1d758682-cf2b-4b67-bfa6-f4a42b1e2620
POL1303,31,FALSE,Allen Inc,2023-11-19,0,0,0,1d758682-cf2b-4b67-bfa6-f4a42b1e2620
POL1304,59,FALSE,Dougherty LLC,2023-12-30,0,0,0,f16d5b5a-7f08-4725-b5c0-2d30d7fdd962
POL1305,120,TRUE,Nicholson LLC,2021-08-28,4444.33,46249.51,0.56,3e857a0f-1dbe-4025-a287-29f3e7fd926d
POL1306,87,FALSE,"Henderson, Stafford and Robinson",2023-05-10,0,0,0,1d758682-cf2b-4b67-bfa6-f4a42b1e2620
POL1307,99,FALSE,Thomas-Collins,2021-11-14,0,0,0,84591ab3-0b42-489e-b1b1-57dd877d9e2c
POL1308,66,TRUE,"Murphy, Hatfield and Burgess",2023-12-18,16511.77,41513.16,0.38,1d758682-cf2b-4b67-bfa6-f4a42b1e2620
POL1309,26,FALSE,Smith-Macdonald,2023-06-06,0,0,0,957fbded-8264-40c0-9c86-4b3b55b2c2a7
POL1310,97,TRUE,"Schmidt, Fitzgerald and Parks",2022-10-14,14413.65,37933.97,0.07,e2f0c7c9-c59d-4a67-9b6b-503442bc7c52
POL1311,20,TRUE,Malone-Cunningham,2020-02-06,1713.9,44510,0.64,e2f0c7c9-c59d-4a67-9b6b-503442bc7c52
POL1312,28,FALSE,Ortiz Group,2021-05-31,0,0,0,84591ab3-0b42-489e-b1b1-57dd877d9e2c
POL1313,28,TRUE,Smith and Sons,2022-01-01,5397.49,28659.99,0.55,4c9016d3-b681-4ad4-998f-6d09bbfbb21f
POL1314,115,FALSE,"Melton, Palmer and Oconnor",2022-12-14,0,0,0,2a7b4e70-0d33-4f8e-9f77-41c7b6dced98
POL1315,100,FALSE,Miller and Sons,2022-08-20,0,0,0,957fbded-8264-40c0-9c86-4b3b55b2c2a7
POL1316,96,FALSE,Wright Inc,2022-07-31,0,0,0,957fbded-8264-40c0-9c86-4b3b55b2c2a7
POL1317,52,FALSE,Newton Ltd,2022-06-30,0,0,0,69fc20d0-9aa6-4ad0-a0a0-1a9f7a9a20de
POL1318,81,FALSE,"Jackson, Miller and Pennington",2020-09-09,0,0,0,69fc20d0-9aa6-4ad0-a0a0-1a9f7a9a20de
POL1319,74,FALSE,"Garcia, Fuller and Mckinney",2020-04-10,0,0,0,69fc20d0-9aa6-4ad0-a0a0-1a9f7a9a20de
POL1320,8,FALSE,"Guzman, King and Shaffer",2021-12-23,0,0,0,69fc20d0-9aa6-4ad0-a0a0-1a9f7a9a20de
POL1321,87,FALSE,"Bennett, Garrett and Preston",2020-06-13,0,0,0,e2f0c7c9-c59d-4a67-9b6b-503442bc7c52
POL1322,98,FALSE,Davis-Carter,2023-03-05,0,0,0,4c9016d3-b681-4ad4-998f-6d09bbfbb21f
POL1323,112,FALSE,Ellis PLC,2023-12-22,0,0,0,84591ab3-0b42-489e-b1b1-57dd877d9e2c
POL1324,25,FALSE,Martin-Mullins,2022-09-26,0,0,0,1d758682-cf2b-4b67-bfa6-f4a42b1e2620
POL1325,71,FALSE,Nelson-Vasquez,2020-06-24,0,0,0,69fc20d0-9aa6-4ad0-a0a0-1a9f7a9a20de
POL1326,14,FALSE,Smith-Moreno,2021-08-31,0,0,0,3e857a0f-1dbe-4025-a287-29f3e7fd926d
POL1327,58,FALSE,Pierce-Madden,2020-05-14,0,0,0,e2f0c7c9-c59d-4a67-9b6b-503442bc7c52
POL1328,118,TRUE,"Duncan, Baker and Mcdaniel",2023-01-15,15307.95,51283.89,0.76,4c9016d3-b681-4ad4-998f-6d09bbfbb21f
POL1329,68,TRUE,Foster-Wilson,2022-10-28,3625.38,37372.97,0.73,3e857a0f-1dbe-4025-a287-29f3e7fd926d
POL1330,35,TRUE,Crawford-Smith,2020-10-01,6747.04,35104.21,0.08,2a7b4e70-0d33-4f8e-9f77-41c7b6dced98
POL1331,17,FALSE,"Forbes, King and Becker",2023-06-02,0,0,0,e2f0c7c9-c59d-4a67-9b6b-503442bc7c52
POL1332,74,TRUE,"Parsons, Roberts and Parks",2020-10-11,13574.07,58718.28,0.72,e2f0c7c9-c59d-4a67-9b6b-503442bc7c52
POL1333,65,TRUE,Farmer PLC,2020-02-14,11139.4,41479,0.3,e2f0c7c9-c59d-4a67-9b6b-503442bc7c52
POL1334,35,TRUE,Hughes-Flowers,2020-09-24,14560.61,53354.33,0.8,957fbded-8264-40c0-9c86-4b3b55b2c2a7
POL1335,83,TRUE,Clark-Knight,2021-04-27,9359.24,52201.9,0.73,f16d5b5a-7f08-4725-b5c0-2d30d7fdd962
POL1336,117,FALSE,Ballard-Hahn,2022-06-27,0,0,0,957fbded-8264-40c0-9c86-4b3b55b2c2a7
POL1337,66,FALSE,Willis Ltd,2023-11-27,0,0,0,2a7b4e70-0d33-4f8e-9f77-41c7b6dced98
POL1338,51,FALSE,"Maldonado, Gomez and Hendricks",2020-03-09,0,0,0,e2f0c7c9-c59d-4a67-9b6b-503442bc7c52
POL1339,45,TRUE,Rivera Ltd,2022-10-06,20130.13,39889.41,0.77,b2a5ef1c-1e59-48e8-893e-2cd32a1985dc
POL1340,29,FALSE,Richards Inc,2020-04-04,0,0,0,84591ab3-0b42-489e-b1b1-57dd877d9e2c
POL1341,49,TRUE,"Moore, Cooper and Carter",2020-12-25,21960.73,51684.89,0.35,84591ab3-0b42-489e-b1b1-57dd877d9e2c
POL1342,48,TRUE,Morris-Patton,2020-04-09,24227.63,61530.04,0.06,1d758682-cf2b-4b67-bfa6-f4a42b1e2620
POL1343,104,FALSE,"Jordan, Jackson and Kramer",2021-08-18,0,0,0,b2a5ef1c-1e59-48e8-893e-2cd32a1985dc
POL1344,69,TRUE,"Williams, Martinez and Noble",2020-03-05,2183.65,14804.38,0.24,957fbded-8264-40c0-9c86-4b3b55b2c2a7
POL1345,89,TRUE,"Castillo, Arroyo and Cardenas",2021-10-20,19224.32,41786.82,0.13,b2a5ef1c-1e59-48e8-893e-2cd32a1985dc
POL1346,5,FALSE,Burgess-Lopez,2021-11-09,0,0,0,3e857a0f-1dbe-4025-a287-29f3e7fd926d
POL1347,33,TRUE,"Boyle, Ramirez and Greer",2021-09-06,5942.64,26954.89,0.16,3e857a0f-1dbe-4025-a287-29f3e7fd926d
POL1348,16,FALSE,"Jackson, Hopkins and Moore",2021-12-07,0,0,0,1d758682-cf2b-4b67-bfa6-f4a42b1e2620
POL1349,86,FALSE,David Ltd,2023-02-24,0,0,0,e2f0c7c9-c59d-4a67-9b6b-503442bc7c52
POL1350,114,FALSE,"Jacobs, Fischer and Baker",2021-01-26,0,0,0,957fbded-8264-40c0-9c86-4b3b55b2c2a7
POL1351,116,TRUE,Smith-Osborne,2020-07-30,18393.39,56992.27,0.01,e2f0c7c9-c59d-4a67-9b6b-503442bc7c52
POL1352,43,FALSE,"Ramirez, Scott and Rose",2021-01-24,0,0,0,b2a5ef1c-1e59-48e8-893e-2cd32a1985dc
POL1353,60,FALSE,Branch-Lee,2020-07-20,0,0,0,b2a5ef1c-1e59-48e8-893e-2cd32a1985dc
POL1354,75,FALSE,Moody-Kirk,2022-06-14,0,0,0,2a7b4e70-0d33-4f8e-9f77-41c7b6dced98
POL1355,34,TRUE,"Moore, Guerrero and Bradshaw",2022-08-26,21141.96,55422.05,0.06,84591ab3-0b42-489e-b1b1-57dd877d9e2c
POL1356,1,FALSE,"Cruz, Marshall and Johnson",2023-11-01,0,0,0,b2a5ef1c-1e59-48e8-893e-2cd32a1985dc
POL1357,69,FALSE,Fields-Lindsey,2020-02-07,0,0,0,3e857a0f-1dbe-4025-a287-29f3e7fd926d
POL1358,62,FALSE,Yoder LLC,2023-03-31,0,0,0,b2a5ef1c-1e59-48e8-893e-2cd32a1985dc
POL1359,44,TRUE,"Jarvis, Moore and Lee",2022-05-31,4068.56,39782.3,0.19,3e857a0f-1dbe-4025-a287-29f3e7fd926d
POL1360,105,FALSE,Burton-Crawford,2023-08-25,0,0,0,4c9016d3-b681-4ad4-998f-6d09bbfbb21f
POL1361,104,FALSE,"Moss, Duncan and Allen",2022-02-18,0,0,0,1d758682-cf2b-4b67-bfa6-f4a42b1e2620
POL1362,111,FALSE,Duffy Group,2021-11-26,0,0,0,4c9016d3-b681-4ad4-998f-6d09bbfbb21f
POL1363,78,FALSE,Berry and Sons,2022-09-10,0,0,0,3e857a0f-1dbe-4025-a287-29f3e7fd926d
POL1364,35,FALSE,"Reeves, Shields and Jacobson",2021-07-23,0,0,0,957fbded-8264-40c0-9c86-4b3b55b2c2a7
POL1365,39,FALSE,"Garcia, Lopez and Alexander",2021-01-01,0,0,0,1d758682-cf2b-4b67-bfa6-f4a42b1e2620
POL1366,18,FALSE,Reilly Ltd,2020-11-25,0,0,0,84591ab3-0b42-489e-b1b1-57dd877d9e2c
POL1367,111,TRUE,Shepard-King,2021-02-23,15637.98,64749.75,0.06,3e857a0f-1dbe-4025-a287-29f3e7fd926d
POL1368,69,FALSE,Lynch-Davis,2021-03-02,0,0,0,957fbded-8264-40c0-9c86-4b3b55b2c2a7
POL1369,1,FALSE,Vasquez LLC,2021-09-29,0,0,0,69fc20d0-9aa6-4ad0-a0a0-1a9f7a9a20de
POL1370,65,TRUE,Farmer Group,2023-03-16,2970.31,42124.92,0.12,69fc20d0-9aa6-4ad0-a0a0-1a9f7a9a20de
POL1371,98,FALSE,Rowe-Garrett,2023-08-01,0,0,0,69fc20d0-9aa6-4ad0-a0a0-1a9f7a9a20de
POL1372,33,FALSE,Terry-Carson,2022-01-14,0,0,0,69fc20d0-9aa6-4ad0-a0a0-1a9f7a9a20de
POL1373,30,TRUE,"Marshall, Gallegos and Martinez",2020-12-23,11896.72,34082.1,0.03,84591ab3-0b42-489e-b1b1-57dd877d9e2c
POL1374,66,TRUE,"Ramirez, Short and Sanders",2020-12-30,9808.36,24073.26,0.42,f16d5b5a-7f08-4725-b5c0-2d30d7fdd962
POL1375,62,TRUE,"Taylor, Miller and Hancock",2021-07-09,5896.58,49041.95,0.76,e2f0c7c9-c59d-4a67-9b6b-503442bc7c52
POL1376,28,TRUE,Smith-Lee,2022-03-02,588.81,28432.07,0.49,1d758682-cf2b-4b67-bfa6-f4a42b1e2620
POL1377,108,TRUE,Powers Group,2021-05-06,12221.63,41508.5,0.01,4c9016d3-b681-4ad4-998f-6d09bbfbb21f
POL1378,96,TRUE,Edwards Inc,2022-06-10,24670.08,42268.77,0.55,2a7b4e70-0d33-4f8e-9f77-41c7b6dced98
POL1379,103,FALSE,Long-Martinez,2023-10-06,0,0,0,957fbded-8264-40c0-9c86-4b3b55b2c2a7
POL1380,110,FALSE,"Hill, Lambert and Larson",2021-05-17,0,0,0,1d758682-cf2b-4b67-bfa6-f4a42b1e2620
POL1381,101,TRUE,Delacruz-Dixon,2022-02-20,12771.54,62168.93,0.62,3e857a0f-1dbe-4025-a287-29f3e7fd926d
POL1382,4,FALSE,Martinez and Sons,2020-06-27,0,0,0,2a7b4e70-0d33-4f8e-9f77-41c7b6dced98
POL1383,70,FALSE,Thornton-Moran,2021-07-20,0,0,0,e2f0c7c9-c59d-4a67-9b6b-503442bc7c52
POL1384,78,FALSE,"Williams, Colon and Williams",2021-08-30,0,0,0,84591ab3-0b42-489e-b1b1-57dd877d9e2c
POL1385,47,FALSE,"Vazquez, Terry and Hughes",2020-07-20,0,0,0,f16d5b5a-7f08-4725-b5c0-2d30d7fdd962
POL1386,111,TRUE,Cooper PLC,2022-10-03,24828.35,37429.6,0.03,3e857a0f-1dbe-4025-a287-29f3e7fd926d
POL1387,68,FALSE,Miller and Sons,2022-03-31,0,0,0,3e857a0f-1dbe-4025-a287-29f3e7fd926d
POL1388,101,FALSE,Harris-Green,2023-10-13,0,0,0,2a7b4e70-0d33-4f8e-9f77-41c7b6dced98
POL1389,45,TRUE,"Erickson, Casey and Holmes",2023-01-14,23716.05,73678.08,0.64,84591ab3-0b42-489e-b1b1-57dd877d9e2c
POL1390,78,TRUE,Lutz-Moore,2020-10-13,16838.53,33522.34,0.9,957fbded-8264-40c0-9c86-4b3b55b2c2a7
POL1391,9,TRUE,Tran-Johnson,2020-02-05,13293.33,46286.49,0.94,957fbded-8264-40c0-9c86-4b3b55b2c2a7
POL1392,104,TRUE,"Thompson, Hunt and Huang",2022-05-11,3261.95,29194.76,0.77,69fc20d0-9aa6-4ad0-a0a0-1a9f7a9a20de
POL1393,105,FALSE,Meyers-Jones,2020-10-09,0,0,0,e2f0c7c9-c59d-4a67-9b6b-503442bc7c52
POL1394,15,TRUE,"Gibbs, Carr and Burnett",2023-03-13,7958.03,32396.58,0.64,1d758682-cf2b-4b67-bfa6-f4a42b1e2620
POL1395,108,FALSE,"Moore, Cook and Rios",2020-05-24,0,0,0,69fc20d0-9aa6-4ad0-a0a0-1a9f7a9a20de
POL1396,37,FALSE,Ingram-Brown,2020-08-24,0,0,0,2a7b4e70-0d33-4f8e-9f77-41c7b6dced98
POL1397,117,FALSE,Hoover LLC,2020-06-28,0,0,0,4c9016d3-b681-4ad4-998f-6d09bbfbb21f
POL1398,94,FALSE,Hess Inc,2022-06-03,0,0,0,2a7b4e70-0d33-4f8e-9f77-41c7b6dced98
POL1399,5,TRUE,Patterson LLC,2023-04-08,19589.27,40025.77,0.74,1d758682-cf2b-4b67-bfa6-f4a42b1e2620
POL1400,98,TRUE,"Hayes, Bass and Hunt",2020-06-14,4633.89,31206.87,0.17,3e857a0f-1dbe-4025-a287-29f3e7fd926d
POL1401,27,FALSE,"Wilson, Stewart and Johnson",2022-12-29,0,0,0,69fc20d0-9aa6-4ad0-a0a0-1a9f7a9a20de
POL1402,50,TRUE,"Martinez, Morgan and Lawson",2020-02-25,24558.5,53422.09,0.74,957fbded-8264-40c0-9c86-4b3b55b2c2a7
POL1403,71,FALSE,Gutierrez Inc,2020-09-14,0,0,0,4c9016d3-b681-4ad4-998f-6d09bbfbb21f
POL1404,76,TRUE,"Collins, Price and Williams",2020-02-15,21310.66,47343.95,0.05,69fc20d0-9aa6-4ad0-a0a0-1a9f7a9a20de
POL1405,38,FALSE,"Jackson, Hull and Mcintosh",2020-11-17,0,0,0,4c9016d3-b681-4ad4-998f-6d09bbfbb21f
POL1406,97,TRUE,Brown-Kelly,2021-05-28,16870.05,59703.85,0.58,957fbded-8264-40c0-9c86-4b3b55b2c2a7
POL1407,95,FALSE,"Avila, Chambers and Hart",2020-04-12,0,0,0,2a7b4e70-0d33-4f8e-9f77-41c7b6dced98
POL1408,97,FALSE,Gutierrez-Johnson,2021-09-03,0,0,0,1d758682-cf2b-4b67-bfa6-f4a42b1e2620
POL1409,103,TRUE,Lee-Hughes,2022-11-18,11771.63,55372.13,0.57,f16d5b5a-7f08-4725-b5c0-2d30d7fdd962
POL1410,12,TRUE,Davis-Johnson,2023-11-27,7765.46,11896.08,0.82,f16d5b5a-7f08-4725-b5c0-2d30d7fdd962
POL1411,88,FALSE,Thompson PLC,2022-10-10,0,0,0,f16d5b5a-7f08-4725-b5c0-2d30d7fdd962
POL1412,20,TRUE,"Valdez, Smith and Bryant",2020-04-15,8545.12,30414.89,0.75,e2f0c7c9-c59d-4a67-9b6b-503442bc7c52
POL1413,67,TRUE,"Reese, Neal and Alvarez",2020-09-25,18652.87,53607.9,0.06,3e857a0f-1dbe-4025-a287-29f3e7fd926d
POL1414,79,TRUE,Nichols Group,2023-11-08,23627.26,65818.52,0.08,69fc20d0-9aa6-4ad0-a0a0-1a9f7a9a20de
POL1415,20,TRUE,Johnson-Black,2022-10-21,1618.59,24878.47,0.53,84591ab3-0b42-489e-b1b1-57dd877d9e2c
POL1416,7,TRUE,Cook Inc,2022-04-20,10953.12,43889.37,0.1,957fbded-8264-40c0-9c86-4b3b55b2c2a7
POL1417,106,TRUE,Donaldson-Moore,2020-11-28,4507.15,20530.44,0.24,69fc20d0-9aa6-4ad0-a0a0-1a9f7a9a20de
POL1418,1,TRUE,"Garrett, Mitchell and Johnson",2020-05-16,21830.3,43337.09,0.73,4c9016d3-b681-4ad4-998f-6d09bbfbb21f
POL1419,29,FALSE,Morgan-Blackburn,2023-01-23,0,0,0,69fc20d0-9aa6-4ad0-a0a0-1a9f7a9a20de
POL1420,84,FALSE,"Thomas, Thompson and Mccall",2021-10-08,0,0,0,1d758682-cf2b-4b67-bfa6-f4a42b1e2620
POL1421,6,FALSE,"Frazier, Hahn and Villa",2020-03-24,0,0,0,84591ab3-0b42-489e-b1b1-57dd877d9e2c
POL1422,49,FALSE,Dougherty-Webb,2020-07-16,0,0,0,2a7b4e70-0d33-4f8e-9f77-41c7b6dced98
POL1423,101,TRUE,"Gregory, Williams and Allen",2023-08-14,23288.01,48242.6,0.91,2a7b4e70-0d33-4f8e-9f77-41c7b6dced98
POL1424,106,FALSE,Murphy-Burch,2020-02-25,0,0,0,2a7b4e70-0d33-4f8e-9f77-41c7b6dced98
POL1425,92,FALSE,Perez-Johns,2022-04-18,0,0,0,957fbded-8264-40c0-9c86-4b3b55b2c2a7
POL1426,107,FALSE,Cox-Cunningham,2020-10-30,0,0,0,69fc20d0-9aa6-4ad0-a0a0-1a9f7a9a20de
POL1427,45,TRUE,Cunningham-Smith,2023-11-15,6363.11,22047.07,0.93,e2f0c7c9-c59d-4a67-9b6b-503442bc7c52
POL1428,69,TRUE,"Smith, Price and Solis",2020-03-31,18660.19,21129.88,0.5,3e857a0f-1dbe-4025-a287-29f3e7fd926d
POL1429,19,TRUE,Smith LLC,2022-09-21,8205.24,47607.81,0.82,3e857a0f-1dbe-4025-a287-29f3e7fd926d
POL1430,78,FALSE,"Smith, Williams and Frost",2022-01-01,0,0,0,957fbded-8264-40c0-9c86-4b3b55b2c2a7
POL1431,99,TRUE,"Carr, Osborne and Nunez",2023-06-29,7569.64,46105.89,0.62,f16d5b5a-7f08-4725-b5c0-2d30d7fdd962
POL1432,28,FALSE,French-Barnes,2022-10-13,0,0,0,957fbded-8264-40c0-9c86-4b3b55b2c2a7
POL1433,20,FALSE,"Mcintyre, Cook and Wright",2020-01-10,0,0,0,e2f0c7c9-c59d-4a67-9b6b-503442bc7c52
POL1434,61,TRUE,Cox and Sons,2021-11-21,522.73,15709.45,0.63,957fbded-8264-40c0-9c86-4b3b55b2c2a7
POL1435,96,TRUE,"Morales, Anderson and Knight",2021-02-14,9335.96,13722.13,0.78,1d758682-cf2b-4b67-bfa6-f4a42b1e2620
POL1436,71,FALSE,Church-Reynolds,2022-10-03,0,0,0,e2f0c7c9-c59d-4a67-9b6b-503442bc7c52
POL1437,63,TRUE,Sanchez-James,2023-06-05,16755.6,49235.54,0.51,b2a5ef1c-1e59-48e8-893e-2cd32a1985dc
POL1438,114,FALSE,Allen-Olson,2021-09-22,0,0,0,b2a5ef1c-1e59-48e8-893e-2cd32a1985dc
POL1439,35,FALSE,"Jones, King and Hill",2021-02-07,0,0,0,957fbded-8264-40c0-9c86-4b3b55b2c2a7
POL1440,73,FALSE,"Watson, Johnson and Carr",2022-02-14,0,0,0,f16d5b5a-7f08-4725-b5c0-2d30d7fdd962
POL1441,33,FALSE,Mcdowell-Hill,2022-09-10,0,0,0,69fc20d0-9aa6-4ad0-a0a0-1a9f7a9a20de
POL1442,46,TRUE,"Morris, Yates and Maynard",2020-09-12,15827.71,20027.05,0.24,1d758682-cf2b-4b67-bfa6-f4a42b1e2620
POL1443,79,FALSE,Ferguson Inc,2023-03-21,0,0,0,b2a5ef1c-1e59-48e8-893e-2cd32a1985dc
POL1444,65,FALSE,Reeves Inc,2021-08-14,0,0,0,69fc20d0-9aa6-4ad0-a0a0-1a9f7a9a20de
POL1445,89,TRUE,Simon-Bray,2020-02-19,10653.95,39949.58,0.88,1d758682-cf2b-4b67-bfa6-f4a42b1e2620
POL1446,76,TRUE,Middleton-Reeves,2020-12-13,24075.98,47243.68,0.4,b2a5ef1c-1e59-48e8-893e-2cd32a1985dc
POL1447,98,TRUE,"Murray, Jackson and Wells",2023-05-11,7623.19,25494.04,0.53,4c9016d3-b681-4ad4-998f-6d09bbfbb21f
POL1448,107,FALSE,Lawrence LLC,2023-12-21,0,0,0,1d758682-cf2b-4b67-bfa6-f4a42b1e2620
POL1449,33,TRUE,"Rodriguez, Richardson and Thomas",2020-12-20,10818.33,38382.3,0.75,84591ab3-0b42-489e-b1b1-57dd877d9e2c
POL1450,16,TRUE,Miranda-Mccoy,2022-01-10,22870.99,70214.6,0.23,f16d5b5a-7f08-4725-b5c0-2d30d7fdd962
POL1451,61,TRUE,Gonzalez LLC,2020-02-18,22467.52,65379.67,0.42,f16d5b5a-7f08-4725-b5c0-2d30d7fdd962
POL1452,48,TRUE,Cummings LLC,2022-09-10,14435.48,43062.28,0.78,4c9016d3-b681-4ad4-998f-6d09bbfbb21f
POL1453,85,TRUE,James-Williams,2022-05-02,22564.77,28695.56,0.93,1d758682-cf2b-4b67-bfa6-f4a42b1e2620
POL1454,72,FALSE,"Reynolds, Fleming and Adams",2021-09-24,0,0,0,2a7b4e70-0d33-4f8e-9f77-41c7b6dced98
POL1455,91,FALSE,"Clark, Anderson and Rodriguez",2023-06-30,0,0,0,84591ab3-0b42-489e-b1b1-57dd877d9e2c
POL1456,55,TRUE,Martin-Jordan,2023-01-06,21479.52,25871.39,0.82,f16d5b5a-7f08-4725-b5c0-2d30d7fdd962
POL1457,93,TRUE,Ford-May,2021-07-03,6119.41,20389.36,0.03,957fbded-8264-40c0-9c86-4b3b55b2c2a7
POL1458,101,TRUE,"Becker, Strickland and Gardner",2023-04-25,3591.14,4834.48,0.38,e2f0c7c9-c59d-4a67-9b6b-503442bc7c52
POL1459,54,FALSE,"Taylor, Hernandez and Martin",2021-09-06,0,0,0,3e857a0f-1dbe-4025-a287-29f3e7fd926d
POL1460,100,FALSE,Fox Group,2023-12-19,0,0,0,84591ab3-0b42-489e-b1b1-57dd877d9e2c
POL1461,81,TRUE,Yoder-Hanson,2020-08-11,2908.45,15042.23,0.2,4c9016d3-b681-4ad4-998f-6d09bbfbb21f
POL1462,9,FALSE,Moran-Rogers,2022-12-06,0,0,0,957fbded-8264-40c0-9c86-4b3b55b2c2a7
POL1463,75,TRUE,Lang Group,2020-06-21,15719.25,33482.43,0.35,69fc20d0-9aa6-4ad0-a0a0-1a9f7a9a20de
POL1464,34,TRUE,Nolan-Peterson,2021-03-20,21383.77,68201.72,0.85,2a7b4e70-0d33-4f8e-9f77-41c7b6dced98
POL1465,116,TRUE,"Schmitt, Patel and Thomas",2022-06-16,10573.44,49460.36,0.82,2a7b4e70-0d33-4f8e-9f77-41c7b6dced98
POL1466,29,FALSE,Rollins-Manning,2022-12-05,0,0,0,2a7b4e70-0d33-4f8e-9f77-41c7b6dced98
POL1467,5,TRUE,Young-Melendez,2022-03-14,21827.9,45471.94,0.51,b2a5ef1c-1e59-48e8-893e-2cd32a1985dc
POL1468,42,FALSE,Reed-Fry,2023-01-17,0,0,0,1d758682-cf2b-4b67-bfa6-f4a42b1e2620
POL1469,84,FALSE,"Torres, Ortiz and Sullivan",2020-03-28,0,0,0,2a7b4e70-0d33-4f8e-9f77-41c7b6dced98
POL1470,98,FALSE,Vega and Sons,2020-05-07,0,0,0,3e857a0f-1dbe-4025-a287-29f3e7fd926d
POL1471,107,FALSE,Smith PLC,2020-09-30,0,0,0,f16d5b5a-7f08-4725-b5c0-2d30d7fdd962
POL1472,40,TRUE,"Bush, Walls and Holmes",2020-06-11,12696.64,45818.45,0.59,1d758682-cf2b-4b67-bfa6-f4a42b1e2620
POL1473,32,FALSE,"Maxwell, Wolfe and Larson",2020-08-03,0,0,0,1d758682-cf2b-4b67-bfa6-f4a42b1e2620
POL1474,54,FALSE,"Holden, Rodriguez and Barker",2023-08-15,0,0,0,84591ab3-0b42-489e-b1b1-57dd877d9e2c
POL1475,117,FALSE,"Jackson, Miller and Johnson",2021-07-13,0,0,0,84591ab3-0b42-489e-b1b1-57dd877d9e2c
POL1476,82,TRUE,Stafford Ltd,2020-12-11,17983.25,37867.13,0.8,e2f0c7c9-c59d-4a67-9b6b-503442bc7c52
POL1477,32,FALSE,Flores-Lowe,2020-12-09,0,0,0,957fbded-8264-40c0-9c86-4b3b55b2c2a7
POL1478,32,FALSE,Silva-King,2023-11-09,0,0,0,3e857a0f-1dbe-4025-a287-29f3e7fd926d
POL1479,50,FALSE,Burnett-Perez,2022-04-29,0,0,0,1d758682-cf2b-4b67-bfa6-f4a42b1e2620
POL1480,63,TRUE,Hoffman Inc,2021-10-26,3164.22,33945.89,0.92,b2a5ef1c-1e59-48e8-893e-2cd32a1985dc
POL1481,88,TRUE,"Mccall, Jackson and Carey",2022-08-10,6612.65,52919.58,0.38,1d758682-cf2b-4b67-bfa6-f4a42b1e2620
POL1482,46,FALSE,Johns PLC,2023-05-28,0,0,0,1d758682-cf2b-4b67-bfa6-f4a42b1e2620
POL1483,106,FALSE,Franklin-Clark,2020-12-26,0,0,0,4c9016d3-b681-4ad4-998f-6d09bbfbb21f
POL1484,5,TRUE,"Sutton, Baker and Matthews",2021-03-09,16327.89,49950.14,0.66,3e857a0f-1dbe-4025-a287-29f3e7fd926d
POL1485,70,FALSE,Jackson-Alexander,2023-10-14,0,0,0,e2f0c7c9-c59d-4a67-9b6b-503442bc7c52
POL1486,90,FALSE,Hendricks Inc,2020-11-04,0,0,0,f16d5b5a-7f08-4725-b5c0-2d30d7fdd962
POL1487,60,FALSE,"Chapman, Cook and Hunter",2022-02-03,0,0,0,84591ab3-0b42-489e-b1b1-57dd877d9e2c
POL1488,47,TRUE,Williams-Harvey,2023-05-23,19292.56,52627.98,0.69,3e857a0f-1dbe-4025-a287-29f3e7fd926d
POL1489,51,TRUE,Whitaker-Henry,2021-10-22,3995.64,10888.11,0.35,e2f0c7c9-c59d-4a67-9b6b-503442bc7c52
POL1490,29,TRUE,"Long, Baker and Hall",2021-04-30,546.95,43819.89,0.54,957fbded-8264-40c0-9c86-4b3b55b2c2a7
POL1491,62,TRUE,Moore-Phelps,2022-09-14,22516.19,61028.42,0.83,3e857a0f-1dbe-4025-a287-29f3e7fd926d
POL1492,17,FALSE,Bryant Inc,2023-07-28,0,0,0,4c9016d3-b681-4ad4-998f-6d09bbfbb21f
POL1493,67,FALSE,Long-Benton,2021-12-01,0,0,0,f16d5b5a-7f08-4725-b5c0-2d30d7fdd962
POL1494,70,TRUE,"Davis, Olson and Olsen",2021-02-14,16250.83,60000.71,0.16,4c9016d3-b681-4ad4-998f-6d09bbfbb21f
POL1495,19,FALSE,Thomas-Cain,2021-10-08,0,0,0,4c9016d3-b681-4ad4-998f-6d09bbfbb21f
POL1496,80,FALSE,Barrett Inc,2021-10-30,0,0,0,84591ab3-0b42-489e-b1b1-57dd877d9e2c
POL1497,73,FALSE,"Taylor, Hansen and Smith",2022-11-24,0,0,0,f16d5b5a-7f08-4725-b5c0-2d30d7fdd962
POL1498,47,FALSE,Grant-Campos,2020-09-29,0,0,0,b2a5ef1c-1e59-48e8-893e-2cd32a1985dc
POL1499,59,TRUE,Klein-Rodriguez,2021-08-11,22455.37,58010.17,0.39,2a7b4e70-0d33-4f8e-9f77-41c7b6dced98
POL1500,116,TRUE,Hansen-Baxter,2020-03-18,6652.48,34394.5,0.78,1d758682-cf2b-4b67-bfa6-f4a42b1e2620
POL1501,38,TRUE,Brennan-Jennings,2021-04-15,20211.98,29020.14,0.6,1d758682-cf2b-4b67-bfa6-f4a42b1e2620
POL1502,70,FALSE,Perez LLC,2020-12-03,0,0,0,f16d5b5a-7f08-4725-b5c0-2d30d7fdd962
POL1503,99,TRUE,Walker-Simpson,2020-10-10,4970.76,24969.07,0.34,4c9016d3-b681-4ad4-998f-6d09bbfbb21f
POL1504,16,FALSE,"House, Davis and Torres",2021-01-08,0,0,0,f16d5b5a-7f08-4725-b5c0-2d30d7fdd962
POL1505,71,TRUE,Perez-Richardson,2023-11-02,2279.76,4762.4,0.24,f16d5b5a-7f08-4725-b5c0-2d30d7fdd962
POL1506,58,FALSE,Valencia-Thomas,2020-11-15,0,0,0,1d758682-cf2b-4b67-bfa6-f4a42b1e2620
POL1507,61,FALSE,Boyle-Newton,2022-09-03,0,0,0,b2a5ef1c-1e59-48e8-893e-2cd32a1985dc
POL1508,99,TRUE,Keller-Harrington,2023-01-01,14224.26,20265.09,0.94,3e857a0f-1dbe-4025-a287-29f3e7fd926d
POL1509,46,FALSE,Cruz-Anderson,2022-03-13,0,0,0,957fbded-8264-40c0-9c86-4b3b55b2c2a7
POL1510,1,FALSE,Morales PLC,2021-09-05,0,0,0,957fbded-8264-40c0-9c86-4b3b55b2c2a7
POL1511,103,FALSE,Perez-Fletcher,2020-12-18,0,0,0,69fc20d0-9aa6-4ad0-a0a0-1a9f7a9a20de
POL1512,29,TRUE,"Moon, Reynolds and Howard",2021-11-12,16633.07,53197.03,0.75,b2a5ef1c-1e59-48e8-893e-2cd32a1985dc
POL1513,5,FALSE,Saunders-Klein,2021-07-09,0,0,0,e2f0c7c9-c59d-4a67-9b6b-503442bc7c52
POL1514,33,FALSE,Delacruz-Castillo,2020-03-18,0,0,0,69fc20d0-9aa6-4ad0-a0a0-1a9f7a9a20de
POL1515,105,FALSE,Martinez-Moore,2020-10-30,0,0,0,e2f0c7c9-c59d-4a67-9b6b-503442bc7c52
POL1516,13,TRUE,Paul LLC,2022-10-11,12994.97,26339.9,0.67,957fbded-8264-40c0-9c86-4b3b55b2c2a7
POL1517,88,TRUE,Perez-Becker,2022-10-24,3102.43,19763.98,0.49,b2a5ef1c-1e59-48e8-893e-2cd32a1985dc
POL1518,80,FALSE,Marshall-Murray,2021-12-05,0,0,0,2a7b4e70-0d33-4f8e-9f77-41c7b6dced98
POL1519,53,TRUE,"Poole, Walker and Ross",2020-11-14,4264.27,26852.5,0.44,69fc20d0-9aa6-4ad0-a0a0-1a9f7a9a20de
POL1520,110,TRUE,Tucker-Edwards,2021-08-24,1103.53,5860.25,0.13,4c9016d3-b681-4ad4-998f-6d09bbfbb21f
POL1521,118,TRUE,"Smith, Ruiz and Long",2022-01-19,12538.47,30431.63,0.4,4c9016d3-b681-4ad4-998f-6d09bbfbb21f
POL1522,97,FALSE,Hoover Group,2023-08-30,0,0,0,1d758682-cf2b-4b67-bfa6-f4a42b1e2620
POL1523,99,TRUE,Johnston Inc,2023-11-16,23087.73,39181.07,0,1d758682-cf2b-4b67-bfa6-f4a42b1e2620
POL1524,58,FALSE,Davis-Gonzalez,2021-01-23,0,0,0,f16d5b5a-7f08-4725-b5c0-2d30d7fdd962
POL1525,85,FALSE,White-White,2020-11-04,0,0,0,4c9016d3-b681-4ad4-998f-6d09bbfbb21f
POL1526,39,FALSE,"Diaz, Hall and Williams",2020-11-26,0,0,0,f16d5b5a-7f08-4725-b5c0-2d30d7fdd962
POL1527,52,TRUE,Nichols-Anderson,2022-03-30,10661.7,41015.55,0.25,e2f0c7c9-c59d-4a67-9b6b-503442bc7c52
POL1528,100,TRUE,"Obrien, Gaines and Miller",2020-05-29,3363.17,50390.14,0.82,957fbded-8264-40c0-9c86-4b3b55b2c2a7
POL1529,93,TRUE,Gonzalez-Smith,2021-05-18,16257.29,65191.57,0.4,3e857a0f-1dbe-4025-a287-29f3e7fd926d
POL1530,97,TRUE,"Mathis, Jones and Thompson",2023-01-14,14361.97,38938.21,0.33,f16d5b5a-7f08-4725-b5c0-2d30d7fdd962
POL1531,73,FALSE,Perez Group,2023-10-28,0,0,0,4c9016d3-b681-4ad4-998f-6d09bbfbb21f
POL1532,75,FALSE,Wells-Smith,2023-06-05,0,0,0,e2f0c7c9-c59d-4a67-9b6b-503442bc7c52
POL1533,75,TRUE,James Inc,2022-10-03,16069.26,30133.3,0.29,b2a5ef1c-1e59-48e8-893e-2cd32a1985dc
POL1534,92,TRUE,"Blevins, Johnson and Reed",2020-07-18,7285.49,25721.58,0.1,84591ab3-0b42-489e-b1b1-57dd877d9e2c
POL1535,28,TRUE,Wilcox-Byrd,2022-01-09,16485.62,50478.39,0.71,957fbded-8264-40c0-9c86-4b3b55b2c2a7
POL1536,15,TRUE,"Taylor, Holmes and King",2021-06-12,6742.52,53402.73,0.31,4c9016d3-b681-4ad4-998f-6d09bbfbb21f
POL1537,17,FALSE,Espinoza LLC,2020-06-02,0,0,0,2a7b4e70-0d33-4f8e-9f77-41c7b6dced98
POL1538,101,TRUE,Schwartz PLC,2023-05-21,21392.21,46421.4,0.21,2a7b4e70-0d33-4f8e-9f77-41c7b6dced98
POL1539,70,TRUE,"Taylor, Clark and Daugherty",2020-09-28,16143.58,39849.25,0.28,2a7b4e70-0d33-4f8e-9f77-41c7b6dced98
POL1540,120,FALSE,Harris-Romero,2022-12-29,0,0,0,b2a5ef1c-1e59-48e8-893e-2cd32a1985dc
POL1541,24,TRUE,Hansen Ltd,2022-03-13,3474.61,8451.71,0.94,3e857a0f-1dbe-4025-a287-29f3e7fd926d
POL1542,92,TRUE,Martinez-Barry,2021-06-14,6164.81,44013.31,0.49,f16d5b5a-7f08-4725-b5c0-2d30d7fdd962
POL1543,13,FALSE,White-Kelley,2021-02-14,0,0,0,2a7b4e70-0d33-4f8e-9f77-41c7b6dced98
POL1544,6,FALSE,Butler Group,2023-05-20,0,0,0,e2f0c7c9-c59d-4a67-9b6b-503442bc7c52
POL1545,3,TRUE,Cunningham LLC,2021-11-29,20696.4,27467.34,0.06,b2a5ef1c-1e59-48e8-893e-2cd32a1985dc
POL1546,110,TRUE,Chavez LLC,2023-08-08,8451.64,24966.22,0.55,69fc20d0-9aa6-4ad0-a0a0-1a9f7a9a20de
POL1547,14,TRUE,Rowe-Jenkins,2021-10-24,6132.66,24761.8,0.94,957fbded-8264-40c0-9c86-4b3b55b2c2a7
POL1548,4,FALSE,Cummings-Smith,2020-02-02,0,0,0,84591ab3-0b42-489e-b1b1-57dd877d9e2c
POL1549,60,FALSE,Benjamin-Rowe,2021-02-10,0,0,0,4c9016d3-b681-4ad4-998f-6d09bbfbb21f
POL1550,57,FALSE,Jordan LLC,2023-09-29,0,0,0,69fc20d0-9aa6-4ad0-a0a0-1a9f7a9a20de
POL1551,99,TRUE,Alvarez-Perez,2023-09-20,12824.88,47893.83,0.96,1d758682-cf2b-4b67-bfa6-f4a42b1e2620
POL1552,44,TRUE,Ward-Tucker,2023-01-12,13107.01,51945.15,0.8,2a7b4e70-0d33-4f8e-9f77-41c7b6dced98
POL1553,77,FALSE,Novak PLC,2022-01-15,0,0,0,4c9016d3-b681-4ad4-998f-6d09bbfbb21f
POL1554,36,FALSE,"Miller, Evans and Holmes",2022-11-17,0,0,0,3e857a0f-1dbe-4025-a287-29f3e7fd926d
POL1555,97,TRUE,"Martinez, Brown and Cooper",2022-07-17,11897.05,57776.21,0.16,84591ab3-0b42-489e-b1b1-57dd877d9e2c
POL1556,74,FALSE,Berg-Trujillo,2021-07-12,0,0,0,2a7b4e70-0d33-4f8e-9f77-41c7b6dced98
POL1557,51,TRUE,Myers-Lopez,2023-01-31,3305.65,40993.94,0.23,e2f0c7c9-c59d-4a67-9b6b-503442bc7c52
POL1558,38,FALSE,Lee-Myers,2021-05-27,0,0,0,1d758682-cf2b-4b67-bfa6-f4a42b1e2620
POL1559,112,TRUE,Barron-Fleming,2020-12-22,2255.58,20347.07,0.21,69fc20d0-9aa6-4ad0-a0a0-1a9f7a9a20de
POL1560,23,FALSE,"Lopez, Murphy and Stone",2021-03-08,0,0,0,2a7b4e70-0d33-4f8e-9f77-41c7b6dced98
POL1561,57,TRUE,"Marquez, Wheeler and Hamilton",2021-10-16,23243.49,35832.88,0.18,957fbded-8264-40c0-9c86-4b3b55b2c2a7
POL1562,42,FALSE,"Barker, Snyder and Alvarado",2022-11-01,0,0,0,e2f0c7c9-c59d-4a67-9b6b-503442bc7c52
POL1563,48,TRUE,George Inc,2022-01-11,12825.84,41616.34,0.47,e2f0c7c9-c59d-4a67-9b6b-503442bc7c52
POL1564,76,FALSE,Freeman PLC,2023-05-06,0,0,0,4c9016d3-b681-4ad4-998f-6d09bbfbb21f
POL1565,115,TRUE,Peters-Gonzalez,2021-01-26,10085.22,12269.28,0.74,3e857a0f-1dbe-4025-a287-29f3e7fd926d
POL1566,26,TRUE,Brown and Sons,2021-10-29,12468.23,55474.97,0.74,84591ab3-0b42-489e-b1b1-57dd877d9e2c
POL1567,40,FALSE,Sawyer-Bishop,2020-04-16,0,0,0,69fc20d0-9aa6-4ad0-a0a0-1a9f7a9a20de
POL1568,37,FALSE,"Cohen, Atkins and Todd",2022-07-14,0,0,0,b2a5ef1c-1e59-48e8-893e-2cd32a1985dc
POL1569,81,TRUE,Middleton-Walters,2022-11-05,10169.57,48122.64,0.46,b2a5ef1c-1e59-48e8-893e-2cd32a1985dc
POL1570,114,TRUE,Mcclure-Morgan,2021-09-13,23026.02,50248.52,0.73,84591ab3-0b42-489e-b1b1-57dd877d9e2c
POL1571,104,FALSE,"Lee, Watson and Bridges",2021-06-23,0,0,0,2a7b4e70-0d33-4f8e-9f77-41c7b6dced98
POL1572,46,TRUE,"Kim, Gonzales and Alvarado",2022-12-19,20446.84,28142.86,0.99,4c9016d3-b681-4ad4-998f-6d09bbfbb21f
POL1573,98,TRUE,Jones-Robinson,2023-12-01,15133.26,16291.25,0.96,4c9016d3-b681-4ad4-998f-6d09bbfbb21f
POL1574,120,TRUE,Walton Group,2020-06-02,1843.7,35743.39,0.09,e2f0c7c9-c59d-4a67-9b6b-503442bc7c52
POL1575,77,TRUE,Zimmerman-Clark,2020-09-17,21783.14,57049.47,0.79,b2a5ef1c-1e59-48e8-893e-2cd32a1985dc
POL1576,82,TRUE,Padilla-Smith,2022-08-03,11802,40818.4,0.12,f16d5b5a-7f08-4725-b5c0-2d30d7fdd962
POL1577,120,TRUE,Miller Group,2023-11-10,22541.73,48790.1,0.5,f16d5b5a-7f08-4725-b5c0-2d30d7fdd962
POL1578,42,TRUE,"Hudson, Gibbs and Fernandez",2021-04-28,15348.57,46670.02,0.61,e2f0c7c9-c59d-4a67-9b6b-503442bc7c52
POL1579,89,FALSE,"Smith, Ferrell and Taylor",2020-04-27,0,0,0,957fbded-8264-40c0-9c86-4b3b55b2c2a7
POL1580,14,TRUE,"Knox, Parker and Stephens",2023-08-15,14597.18,63097.6,0.11,f16d5b5a-7f08-4725-b5c0-2d30d7fdd962
POL1581,18,TRUE,Miller Ltd,2022-05-07,2439.04,7636.66,0.38,69fc20d0-9aa6-4ad0-a0a0-1a9f7a9a20de
POL1582,63,TRUE,Goodwin-Harris,2020-03-26,10777.87,44104.14,0.58,f16d5b5a-7f08-4725-b5c0-2d30d7fdd962
POL1583,28,TRUE,"Todd, Collins and Mcgee",2021-05-04,10401.51,15480.91,0.86,e2f0c7c9-c59d-4a67-9b6b-503442bc7c52
POL1584,76,TRUE,Austin Inc,2021-09-26,11279.97,38632,0.06,69fc20d0-9aa6-4ad0-a0a0-1a9f7a9a20de
POL1585,23,TRUE,"Boyer, Hunt and Hernandez",2021-02-09,10981.07,18789.31,0.45,69fc20d0-9aa6-4ad0-a0a0-1a9f7a9a20de
POL1586,111,FALSE,Rodriguez-West,2020-07-29,0,0,0,69fc20d0-9aa6-4ad0-a0a0-1a9f7a9a20de
POL1587,14,FALSE,Reyes Ltd,2023-10-28,0,0,0,69fc20d0-9aa6-4ad0-a0a0-1a9f7a9a20de
POL1588,21,TRUE,"Pennington, Perez and Lawrence",2021-10-03,16556.8,27550.63,0.79,84591ab3-0b42-489e-b1b1-57dd877d9e2c
POL1589,50,TRUE,Williams LLC,2022-12-06,716.48,34774.69,0.15,2a7b4e70-0d33-4f8e-9f77-41c7b6dced98
POL1590,93,FALSE,"Silva, Washington and Moses",2022-04-03,0,0,0,4c9016d3-b681-4ad4-998f-6d09bbfbb21f
POL1591,53,FALSE,"Mendoza, Flores and Daniel",2023-08-13,0,0,0,f16d5b5a-7f08-4725-b5c0-2d30d7fdd962
POL1592,98,TRUE,Wilson PLC,2021-01-13,2841.2,23450.6,0.66,84591ab3-0b42-489e-b1b1-57dd877d9e2c
POL1593,8,FALSE,"Walls, Anderson and Thomas",2020-02-14,0,0,0,4c9016d3-b681-4ad4-998f-6d09bbfbb21f
POL1594,110,FALSE,Wilson Group,2020-02-25,0,0,0,3e857a0f-1dbe-4025-a287-29f3e7fd926d
POL1595,68,TRUE,Johnson LLC,2020-07-28,5915.59,40242.42,0.07,4c9016d3-b681-4ad4-998f-6d09bbfbb21f
POL1596,48,FALSE,Cruz-Cooper,2021-05-23,0,0,0,f16d5b5a-7f08-4725-b5c0-2d30d7fdd962
POL1597,105,FALSE,Jensen-Walsh,2023-04-11,0,0,0,2a7b4e70-0d33-4f8e-9f77-41c7b6dced98
POL1598,107,FALSE,"Summers, Weaver and Morgan",2022-09-28,0,0,0,84591ab3-0b42-489e-b1b1-57dd877d9e2c
POL1599,90,TRUE,"Smith, Odonnell and Weiss",2023-12-30,503.05,11146.91,0.23,e2f0c7c9-c59d-4a67-9b6b-503442bc7c52
POL1600,27,FALSE,"Roy, Rivera and Cooper",2023-08-23,0,0,0,957fbded-8264-40c0-9c86-4b3b55b2c2a7
POL1601,68,FALSE,Austin Group,2021-01-28,0,0,0,84591ab3-0b42-489e-b1b1-57dd877d9e2c
POL1602,19,TRUE,King Inc,2022-07-16,22791.88,38963.58,0.42,b2a5ef1c-1e59-48e8-893e-2cd32a1985dc
POL1603,74,FALSE,"Jones, Duarte and Anderson",2023-02-06,0,0,0,957fbded-8264-40c0-9c86-4b3b55b2c2a7
POL1604,32,FALSE,Meyer and Sons,2022-08-16,0,0,0,1d758682-cf2b-4b67-bfa6-f4a42b1e2620
POL1605,66,FALSE,Davis-Huff,2022-02-17,0,0,0,e2f0c7c9-c59d-4a67-9b6b-503442bc7c52
POL1606,49,FALSE,Cowan Ltd,2023-07-04,0,0,0,4c9016d3-b681-4ad4-998f-6d09bbfbb21f
POL1607,13,FALSE,"Hayden, Ross and Lynch",2023-04-18,0,0,0,4c9016d3-b681-4ad4-998f-6d09bbfbb21f
POL1608,100,TRUE,"Gonzales, Moore and Le",2023-04-30,16494.9,24412.43,0.24,1d758682-cf2b-4b67-bfa6-f4a42b1e2620
POL1609,57,TRUE,Dickson-Kelley,2022-01-18,24442.3,63541.17,0.12,1d758682-cf2b-4b67-bfa6-f4a42b1e2620
POL1610,15,FALSE,Robinson LLC,2023-06-14,0,0,0,69fc20d0-9aa6-4ad0-a0a0-1a9f7a9a20de
POL1611,110,TRUE,Hill Ltd,2022-01-31,21175.55,70128.37,0.39,b2a5ef1c-1e59-48e8-893e-2cd32a1985dc
POL1612,30,TRUE,Miller LLC,2022-11-22,15331.32,31137.11,0.83,b2a5ef1c-1e59-48e8-893e-2cd32a1985dc
POL1613,27,FALSE,Brennan-Casey,2022-06-09,0,0,0,4c9016d3-b681-4ad4-998f-6d09bbfbb21f
POL1614,98,FALSE,Johnson-Carr,2021-07-18,0,0,0,2a7b4e70-0d33-4f8e-9f77-41c7b6dced98
POL1615,74,TRUE,Pratt-Jackson,2023-09-03,8885.4,37816.9,0.37,84591ab3-0b42-489e-b1b1-57dd877d9e2c
POL1616,77,TRUE,Werner-Hunt,2020-07-24,1713.84,28791.47,0.98,4c9016d3-b681-4ad4-998f-6d09bbfbb21f
POL1617,19,TRUE,Grimes-Davis,2022-05-20,23286.98,44043.2,0.7,2a7b4e70-0d33-4f8e-9f77-41c7b6dced98
POL1618,26,FALSE,"Patel, Ortiz and Miller",2021-09-08,0,0,0,1d758682-cf2b-4b67-bfa6-f4a42b1e2620
POL1619,47,TRUE,Barajas-Thompson,2021-10-25,11786.1,30081.5,0.58,3e857a0f-1dbe-4025-a287-29f3e7fd926d
POL1620,115,TRUE,Fuller Ltd,2022-07-29,10272.83,41456.86,0.28,2a7b4e70-0d33-4f8e-9f77-41c7b6dced98
POL1621,110,FALSE,"Mitchell, Johnson and Smith",2021-01-25,0,0,0,957fbded-8264-40c0-9c86-4b3b55b2c2a7
POL1622,91,TRUE,Jones-Daugherty,2020-02-14,2501.15,16047.51,0.71,1d758682-cf2b-4b67-bfa6-f4a42b1e2620
POL1623,120,TRUE,Stewart-Kelley,2020-05-19,3155.73,28744.49,0.98,e2f0c7c9-c59d-4a67-9b6b-503442bc7c52
POL1624,75,TRUE,Williams-Erickson,2020-04-17,20981.92,29393.28,1,69fc20d0-9aa6-4ad0-a0a0-1a9f7a9a20de
POL1625,17,FALSE,"Black, Green and Brown",2021-01-04,0,0,0,69fc20d0-9aa6-4ad0-a0a0-1a9f7a9a20de
POL1626,11,FALSE,Barnes-Aguilar,2020-11-11,0,0,0,84591ab3-0b42-489e-b1b1-57dd877d9e2c
POL1627,5,FALSE,Tapia-Lozano,2023-02-14,0,0,0,957fbded-8264-40c0-9c86-4b3b55b2c2a7
POL1628,4,FALSE,"Burns, Cole and Martinez",2023-07-07,0,0,0,b2a5ef1c-1e59-48e8-893e-2cd32a1985dc
POL1629,32,TRUE,Jackson-Williams,2022-10-08,22228.88,56739,0.95,84591ab3-0b42-489e-b1b1-57dd877d9e2c
POL1630,83,TRUE,"Morton, Reyes and Allen",2023-11-13,9785.53,47374.34,0.65,b2a5ef1c-1e59-48e8-893e-2cd32a1985dc
POL1631,34,TRUE,Garcia-White,2020-04-17,5925.54,34098,0.19,2a7b4e70-0d33-4f8e-9f77-41c7b6dced98
POL1632,50,TRUE,Horne Inc,2023-04-16,4887.72,34550.68,0.35,69fc20d0-9aa6-4ad0-a0a0-1a9f7a9a20de
POL1633,51,FALSE,Fox-Martinez,2022-11-18,0,0,0,b2a5ef1c-1e59-48e8-893e-2cd32a1985dc
POL1634,54,TRUE,Porter LLC,2022-07-06,6061.88,26003.62,0.51,3e857a0f-1dbe-4025-a287-29f3e7fd926d
POL1635,27,FALSE,Reynolds-Terry,2020-01-30,0,0,0,4c9016d3-b681-4ad4-998f-6d09bbfbb21f
POL1636,103,TRUE,Martin PLC,2021-12-21,22269.09,43381.48,0.34,f16d5b5a-7f08-4725-b5c0-2d30d7fdd962
POL1637,64,TRUE,Harris-Hernandez,2023-01-25,10817.26,16166.78,0.61,4c9016d3-b681-4ad4-998f-6d09bbfbb21f
POL1638,99,TRUE,Mccormick-Lopez,2020-12-10,16565.8,47206.98,0.21,e2f0c7c9-c59d-4a67-9b6b-503442bc7c52
POL1639,75,FALSE,Stephens-White,2020-06-08,0,0,0,957fbded-8264-40c0-9c86-4b3b55b2c2a7
POL1640,116,FALSE,"Butler, Stephenson and Acevedo",2020-01-02,0,0,0,3e857a0f-1dbe-4025-a287-29f3e7fd926d
POL1641,45,TRUE,Chang and Sons,2023-02-08,13640.22,36008.08,0.77,69fc20d0-9aa6-4ad0-a0a0-1a9f7a9a20de
POL1642,32,TRUE,"Maldonado, Mcgee and Warren",2023-06-20,15687.99,28460.5,0.33,1d758682-cf2b-4b67-bfa6-f4a42b1e2620
POL1643,82,TRUE,Lindsey-Foley,2021-06-07,7921.81,9336.04,0.5,69fc20d0-9aa6-4ad0-a0a0-1a9f7a9a20de
POL1644,18,TRUE,"Harmon, Bowen and Tyler",2021-04-14,20777.48,29672.84,0.66,b2a5ef1c-1e59-48e8-893e-2cd32a1985dc
POL1645,17,TRUE,Brown and Sons,2021-05-20,16757.65,33261.69,0.18,84591ab3-0b42-489e-b1b1-57dd877d9e2c
POL1646,49,TRUE,Wagner-Lewis,2023-03-01,21835.2,27674.61,0.47,b2a5ef1c-1e59-48e8-893e-2cd32a1985dc
POL1647,38,FALSE,"Fox, Garcia and Foley",2022-08-02,0,0,0,2a7b4e70-0d33-4f8e-9f77-41c7b6dced98
POL1648,1,FALSE,"Smith, Bryan and Miller",2023-12-14,0,0,0,1d758682-cf2b-4b67-bfa6-f4a42b1e2620
POL1649,51,TRUE,"Terrell, Reese and Cole",2020-10-08,11213.65,26823.2,0.71,3e857a0f-1dbe-4025-a287-29f3e7fd926d
POL1650,35,TRUE,Rollins-Dudley,2020-07-03,8534.88,32703.41,0.11,2a7b4e70-0d33-4f8e-9f77-41c7b6dced98
POL1651,117,FALSE,"Foster, Barber and Stafford",2022-01-01,0,0,0,e2f0c7c9-c59d-4a67-9b6b-503442bc7c52
POL1652,80,TRUE,Willis Ltd,2022-03-31,10775.53,15260.53,0.75,1d758682-cf2b-4b67-bfa6-f4a42b1e2620
POL1653,60,TRUE,Hodge Inc,2022-07-16,8571.95,30506.13,0.47,3e857a0f-1dbe-4025-a287-29f3e7fd926d
POL1654,85,TRUE,"Lamb, Steele and Wright",2020-10-09,24038.39,28285.09,0.46,69fc20d0-9aa6-4ad0-a0a0-1a9f7a9a20de
POL1655,39,FALSE,"Strickland, Juarez and Taylor",2023-08-16,0,0,0,1d758682-cf2b-4b67-bfa6-f4a42b1e2620
POL1656,10,TRUE,"Beard, Roberts and George",2021-03-03,9774.46,18857.37,0.87,e2f0c7c9-c59d-4a67-9b6b-503442bc7c52
POL1657,6,TRUE,Estrada-Richardson,2020-04-25,13676.82,22547.54,0.58,3e857a0f-1dbe-4025-a287-29f3e7fd926d
POL1658,16,FALSE,Shaw-Barker,2021-12-01,0,0,0,b2a5ef1c-1e59-48e8-893e-2cd32a1985dc
POL1659,69,TRUE,Johnson Ltd,2020-02-27,1988.24,40915.9,0.92,69fc20d0-9aa6-4ad0-a0a0-1a9f7a9a20de
POL1660,25,TRUE,Franklin LLC,2021-12-31,16418.74,43318.62,1,b2a5ef1c-1e59-48e8-893e-2cd32a1985dc
POL1661,14,TRUE,Turner-Taylor,2023-08-14,14925.26,55584.03,0,4c9016d3-b681-4ad4-998f-6d09bbfbb21f
POL1662,119,TRUE,Pace-Haynes,2022-09-12,10168.1,32282.33,0.4,69fc20d0-9aa6-4ad0-a0a0-1a9f7a9a20de
POL1663,82,TRUE,Bailey-Little,2020-01-27,14281.11,28741.51,0.52,b2a5ef1c-1e59-48e8-893e-2cd32a1985dc
POL1664,105,TRUE,Foster-Morales,2022-12-28,21850.12,40059.67,0.3,f16d5b5a-7f08-4725-b5c0-2d30d7fdd962
POL1665,79,TRUE,"Evans, Briggs and Cunningham",2021-01-12,17234.87,59119.79,0.35,2a7b4e70-0d33-4f8e-9f77-41c7b6dced98
POL1666,9,TRUE,Lopez and Sons,2022-04-13,21245.69,71133.67,0.84,1d758682-cf2b-4b67-bfa6-f4a42b1e2620
POL1667,41,FALSE,Robertson-Hicks,2022-07-31,0,0,0,1d758682-cf2b-4b67-bfa6-f4a42b1e2620
POL1668,14,TRUE,"Holmes, Mccullough and Strickland",2022-11-25,3426.27,40774.89,0.06,f16d5b5a-7f08-4725-b5c0-2d30d7fdd962
POL1669,111,TRUE,"Huff, Holland and Stark",2023-12-02,14947.31,40329.74,0.51,f16d5b5a-7f08-4725-b5c0-2d30d7fdd962
POL1670,88,FALSE,Hamilton-Bryant,2021-08-06,0,0,0,1d758682-cf2b-4b67-bfa6-f4a42b1e2620
POL1671,109,TRUE,"Rose, Clarke and Lee",2022-09-01,22414.87,65933.54,0.34,69fc20d0-9aa6-4ad0-a0a0-1a9f7a9a20de
POL1672,81,FALSE,Ellis-Jones,2023-01-08,0,0,0,2a7b4e70-0d33-4f8e-9f77-41c7b6dced98
POL1673,28,FALSE,Harper LLC,2023-07-10,0,0,0,69fc20d0-9aa6-4ad0-a0a0-1a9f7a9a20de
POL1674,46,TRUE,Petersen and Sons,2022-06-04,14168.81,30061.46,0.05,e2f0c7c9-c59d-4a67-9b6b-503442bc7c52
POL1675,98,TRUE,Montgomery Ltd,2022-03-09,5757.99,19139.25,0.9,e2f0c7c9-c59d-4a67-9b6b-503442bc7c52
POL1676,106,FALSE,Lynch-Adams,2022-10-24,0,0,0,84591ab3-0b42-489e-b1b1-57dd877d9e2c
POL1677,12,TRUE,"Ewing, Smith and Lawson",2021-01-06,21449.4,58836.07,0.14,957fbded-8264-40c0-9c86-4b3b55b2c2a7
POL1678,8,FALSE,Guerra LLC,2021-12-15,0,0,0,2a7b4e70-0d33-4f8e-9f77-41c7b6dced98
POL1679,15,TRUE,Long Group,2020-08-06,7059.85,11173.09,0.68,e2f0c7c9-c59d-4a67-9b6b-503442bc7c52
POL1680,72,FALSE,"Cox, Kelly and Perkins",2023-11-29,0,0,0,69fc20d0-9aa6-4ad0-a0a0-1a9f7a9a20de
POL1681,59,TRUE,Lyons and Sons,2021-09-06,21839.65,58354.28,0.63,b2a5ef1c-1e59-48e8-893e-2cd32a1985dc
POL1682,7,FALSE,Wheeler LLC,2020-01-07,0,0,0,3e857a0f-1dbe-4025-a287-29f3e7fd926d
POL1683,107,FALSE,Rodgers-Harrell,2020-04-13,0,0,0,84591ab3-0b42-489e-b1b1-57dd877d9e2c
POL1684,114,TRUE,Gonzalez-Lopez,2021-06-07,3371.75,15075.06,0.68,84591ab3-0b42-489e-b1b1-57dd877d9e2c
POL1685,26,TRUE,Crawford and Sons,2021-10-28,6582.07,15131.12,0.42,69fc20d0-9aa6-4ad0-a0a0-1a9f7a9a20de
POL1686,101,FALSE,"Vargas, Russell and Burton",2022-12-10,0,0,0,f16d5b5a-7f08-4725-b5c0-2d30d7fdd962
POL1687,87,FALSE,Bullock Inc,2022-04-29,0,0,0,69fc20d0-9aa6-4ad0-a0a0-1a9f7a9a20de
POL1688,7,TRUE,Merritt-Johnson,2023-12-26,22002.63,46058.82,0.26,3e857a0f-1dbe-4025-a287-29f3e7fd926d
POL1689,61,TRUE,"Wong, Taylor and Miller",2022-06-19,8741.24,10977.36,0.11,b2a5ef1c-1e59-48e8-893e-2cd32a1985dc
POL1690,91,FALSE,Rivera-Hendricks,2020-02-19,0,0,0,1d758682-cf2b-4b67-bfa6-f4a42b1e2620
POL1691,57,FALSE,"Lopez, Brown and Mata",2020-02-13,0,0,0,69fc20d0-9aa6-4ad0-a0a0-1a9f7a9a20de
POL1692,53,FALSE,Werner-Sandoval,2020-09-10,0,0,0,2a7b4e70-0d33-4f8e-9f77-41c7b6dced98
POL1693,55,FALSE,Tucker-Olson,2020-09-27,0,0,0,e2f0c7c9-c59d-4a67-9b6b-503442bc7c52
POL1694,51,FALSE,Adams-Brewer,2021-11-13,0,0,0,f16d5b5a-7f08-4725-b5c0-2d30d7fdd962
POL1695,99,TRUE,Brock-Moore,2022-05-09,21596.08,64143.92,0.25,1d758682-cf2b-4b67-bfa6-f4a42b1e2620
POL1696,87,TRUE,Hunt PLC,2022-07-19,906.96,18085.23,0.36,69fc20d0-9aa6-4ad0-a0a0-1a9f7a9a20de
POL1697,109,TRUE,"Sullivan, West and Lambert",2021-03-26,10913.73,56751.57,0.99,69fc20d0-9aa6-4ad0-a0a0-1a9f7a9a20de
POL1698,95,TRUE,"Bradshaw, Miranda and Parks",2020-12-14,23092.12,47027.33,0.93,84591ab3-0b42-489e-b1b1-57dd877d9e2c
POL1699,28,FALSE,Silva Inc,2020-04-10,0,0,0,957fbded-8264-40c0-9c86-4b3b55b2c2a7
POL1700,36,FALSE,Francis Group,2022-11-07,0,0,0,e2f0c7c9-c59d-4a67-9b6b-503442bc7c52
POL1701,85,FALSE,Parks-Garcia,2021-12-01,0,0,0,1d758682-cf2b-4b67-bfa6-f4a42b1e2620
POL1702,35,FALSE,Baker-Glover,2021-01-13,0,0,0,69fc20d0-9aa6-4ad0-a0a0-1a9f7a9a20de
POL1703,27,FALSE,"Kelly, Bryan and Pham",2020-01-02,0,0,0,2a7b4e70-0d33-4f8e-9f77-41c7b6dced98
POL1704,66,TRUE,Williams Inc,2021-10-16,2186.28,23792.39,0.51,4c9016d3-b681-4ad4-998f-6d09bbfbb21f
POL1705,26,TRUE,Beasley Group,2022-01-08,10682.79,41535.81,0.57,957fbded-8264-40c0-9c86-4b3b55b2c2a7
POL1706,90,TRUE,Bowers-Olson,2021-06-07,8691,24004.58,0.73,f16d5b5a-7f08-4725-b5c0-2d30d7fdd962
POL1707,51,FALSE,Edwards and Sons,2021-12-09,0,0,0,2a7b4e70-0d33-4f8e-9f77-41c7b6dced98
POL1708,29,TRUE,Warner Ltd,2023-11-18,23788.53,57315.58,0.44,f16d5b5a-7f08-4725-b5c0-2d30d7fdd962
POL1709,59,TRUE,"Brady, Perez and Clark",2023-04-01,17786.76,35815.1,0.16,4c9016d3-b681-4ad4-998f-6d09bbfbb21f
POL1710,22,FALSE,Williams Group,2020-04-16,0,0,0,e2f0c7c9-c59d-4a67-9b6b-503442bc7c52
POL1711,52,FALSE,Castro Ltd,2023-03-13,0,0,0,957fbded-8264-40c0-9c86-4b3b55b2c2a7
POL1712,60,FALSE,Russell-Mcclain,2022-11-27,0,0,0,e2f0c7c9-c59d-4a67-9b6b-503442bc7c52
POL1713,37,TRUE,"Brown, Copeland and Johns",2021-01-16,15475.25,55317.54,0.33,f16d5b5a-7f08-4725-b5c0-2d30d7fdd962
POL1714,18,FALSE,Castro and Sons,2022-04-10,0,0,0,84591ab3-0b42-489e-b1b1-57dd877d9e2c
POL1715,30,FALSE,"Clark, Sosa and Rivas",2022-01-26,0,0,0,69fc20d0-9aa6-4ad0-a0a0-1a9f7a9a20de
POL1716,49,TRUE,"Harrison, Adams and Lewis",2020-07-29,8727.89,14176.75,0.83,2a7b4e70-0d33-4f8e-9f77-41c7b6dced98
POL1717,86,FALSE,"Smith, Fields and Williams",2022-09-25,0,0,0,2a7b4e70-0d33-4f8e-9f77-41c7b6dced98
POL1718,66,FALSE,Walter Ltd,2022-05-25,0,0,0,b2a5ef1c-1e59-48e8-893e-2cd32a1985dc
POL1719,41,TRUE,Moore-Thomas,2020-04-26,18982.7,30603.74,0.55,b2a5ef1c-1e59-48e8-893e-2cd32a1985dc
POL1720,58,FALSE,"Taylor, Carney and Ashley",2020-08-15,0,0,0,2a7b4e70-0d33-4f8e-9f77-41c7b6dced98
POL1721,14,FALSE,Yang LLC,2021-10-11,0,0,0,f16d5b5a-7f08-4725-b5c0-2d30d7fdd962
POL1722,82,FALSE,Rivera Inc,2020-08-15,0,0,0,2a7b4e70-0d33-4f8e-9f77-41c7b6dced98
POL1723,99,FALSE,Watson LLC,2022-02-04,0,0,0,1d758682-cf2b-4b67-bfa6-f4a42b1e2620
POL1724,106,TRUE,Rivera-Washington,2022-01-25,7901.82,43925.32,0.71,2a7b4e70-0d33-4f8e-9f77-41c7b6dced98
POL1725,52,FALSE,"Fox, Miller and Gonzales",2020-01-28,0,0,0,e2f0c7c9-c59d-4a67-9b6b-503442bc7c52
POL1726,29,FALSE,Daniels-Arnold,2023-07-17,0,0,0,f16d5b5a-7f08-4725-b5c0-2d30d7fdd962
POL1727,6,TRUE,"Jones, Robinson and Newman",2023-04-11,3361.54,37064.8,0.62,957fbded-8264-40c0-9c86-4b3b55b2c2a7
POL1728,81,TRUE,"Edwards, Suarez and Thomas",2021-05-24,23508.27,42883.55,0.79,69fc20d0-9aa6-4ad0-a0a0-1a9f7a9a20de
POL1729,43,TRUE,Cruz PLC,2021-02-17,3167.53,16468.22,0.45,e2f0c7c9-c59d-4a67-9b6b-503442bc7c52
POL1730,83,FALSE,Beck PLC,2021-11-07,0,0,0,b2a5ef1c-1e59-48e8-893e-2cd32a1985dc
POL1731,63,TRUE,Cunningham-Bell,2023-03-17,11535.28,38932.2,0.61,69fc20d0-9aa6-4ad0-a0a0-1a9f7a9a20de
POL1732,117,TRUE,"Booth, Woods and Vargas",2023-04-05,15125.83,46529.47,0.07,84591ab3-0b42-489e-b1b1-57dd877d9e2c
POL1733,119,FALSE,Manning-Conway,2021-08-22,0,0,0,b2a5ef1c-1e59-48e8-893e-2cd32a1985dc
POL1734,103,TRUE,Hunt-Hall,2022-01-16,7571.1,34549.07,0.6,69fc20d0-9aa6-4ad0-a0a0-1a9f7a9a20de
POL1735,35,FALSE,"Johnson, Reyes and Rowland",2023-07-20,0,0,0,b2a5ef1c-1e59-48e8-893e-2cd32a1985dc
POL1736,79,FALSE,Sparks-Smith,2021-09-16,0,0,0,4c9016d3-b681-4ad4-998f-6d09bbfbb21f
POL1737,4,FALSE,"Jones, Rodriguez and Graham",2021-01-16,0,0,0,b2a5ef1c-1e59-48e8-893e-2cd32a1985dc
POL1738,98,FALSE,"Sanchez, Johnson and Romero",2023-04-02,0,0,0,957fbded-8264-40c0-9c86-4b3b55b2c2a7
POL1739,38,FALSE,Hudson Inc,2020-01-26,0,0,0,957fbded-8264-40c0-9c86-4b3b55b2c2a7
POL1740,24,FALSE,White-Adams,2022-05-24,0,0,0,3e857a0f-1dbe-4025-a287-29f3e7fd926d
POL1741,7,FALSE,Avila-Khan,2022-01-30,0,0,0,f16d5b5a-7f08-4725-b5c0-2d30d7fdd962
POL1742,37,FALSE,Smith-Wong,2022-05-21,0,0,0,f16d5b5a-7f08-4725-b5c0-2d30d7fdd962
POL1743,115,TRUE,Pena Group,2023-08-16,10413.56,16574.37,0.24,84591ab3-0b42-489e-b1b1-57dd877d9e2c
POL1744,112,FALSE,"Swanson, Cooper and Lang",2023-12-20,0,0,0,2a7b4e70-0d33-4f8e-9f77-41c7b6dced98
POL1745,41,FALSE,"Martin, Williams and Rodgers",2022-06-26,0,0,0,957fbded-8264-40c0-9c86-4b3b55b2c2a7
POL1746,52,TRUE,"Barrett, Hebert and Whitaker",2020-02-21,13039.47,42202.25,0.18,1d758682-cf2b-4b67-bfa6-f4a42b1e2620
POL1747,41,TRUE,"Roberts, Johns and Webb",2022-12-14,19262.84,45839.33,0.51,e2f0c7c9-c59d-4a67-9b6b-503442bc7c52
POL1748,6,TRUE,Mann PLC,2022-07-07,1912.34,43409.62,0.08,b2a5ef1c-1e59-48e8-893e-2cd32a1985dc
POL1749,1,FALSE,"Petersen, Lambert and Carr",2021-06-20,0,0,0,1d758682-cf2b-4b67-bfa6-f4a42b1e2620
POL1750,98,TRUE,Lane-Good,2022-12-05,8193.67,21081.78,0.98,69fc20d0-9aa6-4ad0-a0a0-1a9f7a9a20de
POL1751,7,TRUE,"Hammond, Grimes and Thomas",2021-12-09,20956.9,64694.03,0.82,84591ab3-0b42-489e-b1b1-57dd877d9e2c
POL1752,41,FALSE,Myers-Richardson,2022-12-18,0,0,0,3e857a0f-1dbe-4025-a287-29f3e7fd926d
POL1753,28,TRUE,Allen-Scott,2020-09-03,599.3,7310.02,0.07,2a7b4e70-0d33-4f8e-9f77-41c7b6dced98
POL1754,75,FALSE,Herrera LLC,2022-10-26,0,0,0,e2f0c7c9-c59d-4a67-9b6b-503442bc7c52
POL1755,91,FALSE,Allen-Morgan,2021-12-03,0,0,0,b2a5ef1c-1e59-48e8-893e-2cd32a1985dc
POL1756,63,FALSE,"Thomas, Sanchez and Anthony",2023-08-16,0,0,0,4c9016d3-b681-4ad4-998f-6d09bbfbb21f
POL1757,50,FALSE,Pierce-Herrera,2023-11-24,0,0,0,69fc20d0-9aa6-4ad0-a0a0-1a9f7a9a20de
POL1758,29,TRUE,"Carlson, English and Griffin",2020-05-16,8553.92,30280.15,0.9,e2f0c7c9-c59d-4a67-9b6b-503442bc7c52
POL1759,104,TRUE,Holt PLC,2022-03-14,23431.21,72030.07,0.31,b2a5ef1c-1e59-48e8-893e-2cd32a1985dc
POL1760,7,TRUE,Jacobs-Mckinney,2020-04-27,3171.28,13797.75,0.44,1d758682-cf2b-4b67-bfa6-f4a42b1e2620
POL1761,6,FALSE,Fernandez and Sons,2021-03-18,0,0,0,1d758682-cf2b-4b67-bfa6-f4a42b1e2620
POL1762,106,TRUE,Price-Hunt,2021-06-02,3283.68,8052.94,0.12,4c9016d3-b681-4ad4-998f-6d09bbfbb21f
POL1763,99,FALSE,Anthony-Stewart,2023-02-03,0,0,0,e2f0c7c9-c59d-4a67-9b6b-503442bc7c52
POL1764,41,TRUE,Williams and Sons,2021-11-21,19549.8,20928.3,0.6,957fbded-8264-40c0-9c86-4b3b55b2c2a7
POL1765,34,TRUE,"Guerra, Bradford and Ellis",2022-07-29,6535.53,49767.22,0.13,1d758682-cf2b-4b67-bfa6-f4a42b1e2620
POL1766,88,TRUE,Mason-Barker,2021-04-20,14453.92,47310.8,0.76,3e857a0f-1dbe-4025-a287-29f3e7fd926d
POL1767,59,FALSE,Cervantes-Allison,2020-10-07,0,0,0,f16d5b5a-7f08-4725-b5c0-2d30d7fdd962
POL1768,97,TRUE,"Mcconnell, Russo and Cruz",2021-01-12,9132.73,52523.6,0.34,69fc20d0-9aa6-4ad0-a0a0-1a9f7a9a20de
POL1769,104,TRUE,Stafford LLC,2022-04-20,20537.5,23463.15,0.33,84591ab3-0b42-489e-b1b1-57dd877d9e2c
POL1770,8,TRUE,Hines PLC,2020-04-05,14174.11,38898.83,0.36,957fbded-8264-40c0-9c86-4b3b55b2c2a7
POL1771,51,FALSE,"Hansen, Parker and Nolan",2023-09-27,0,0,0,b2a5ef1c-1e59-48e8-893e-2cd32a1985dc
POL1772,107,FALSE,Brooks-Shah,2022-03-15,0,0,0,e2f0c7c9-c59d-4a67-9b6b-503442bc7c52
POL1773,86,FALSE,Barber Ltd,2023-06-05,0,0,0,4c9016d3-b681-4ad4-998f-6d09bbfbb21f
POL1774,73,TRUE,Hunter Inc,2023-05-04,13340.82,45559.44,0.15,4c9016d3-b681-4ad4-998f-6d09bbfbb21f
POL1775,86,TRUE,"Aguilar, Rivera and Quinn",2022-03-24,18665.38,54889.68,0.72,84591ab3-0b42-489e-b1b1-57dd877d9e2c
POL1776,95,TRUE,"Vang, Santana and Young",2022-11-28,21922.02,24850.95,0.88,b2a5ef1c-1e59-48e8-893e-2cd32a1985dc
POL1777,86,FALSE,Kramer Ltd,2020-10-11,0,0,0,3e857a0f-1dbe-4025-a287-29f3e7fd926d
POL1778,17,TRUE,Davis-Chapman,2021-05-07,18419.02,54079.06,0.79,f16d5b5a-7f08-4725-b5c0-2d30d7fdd962
POL1779,28,FALSE,Mckinney-Barton,2021-09-15,0,0,0,f16d5b5a-7f08-4725-b5c0-2d30d7fdd962
POL1780,2,FALSE,"Dunlap, Nielsen and Schmidt",2020-08-25,0,0,0,2a7b4e70-0d33-4f8e-9f77-41c7b6dced98
POL1781,26,TRUE,Ramirez and Sons,2023-08-16,10404.42,23320.14,0.38,2a7b4e70-0d33-4f8e-9f77-41c7b6dced98
POL1782,91,FALSE,Garza and Sons,2021-06-28,0,0,0,957fbded-8264-40c0-9c86-4b3b55b2c2a7
POL1783,77,TRUE,Anderson and Sons,2020-03-08,7497.81,11618.01,0.01,3e857a0f-1dbe-4025-a287-29f3e7fd926d
POL1784,38,TRUE,Crawford-Turner,2020-07-20,4504.6,20359.75,0.85,b2a5ef1c-1e59-48e8-893e-2cd32a1985dc
POL1785,89,TRUE,"Jensen, Harris and Taylor",2020-09-19,2124.51,47124.04,0.13,e2f0c7c9-c59d-4a67-9b6b-503442bc7c52
POL1786,11,FALSE,"Russell, Farley and Gonzalez",2020-08-28,0,0,0,957fbded-8264-40c0-9c86-4b3b55b2c2a7
POL1787,116,FALSE,"Smith, Medina and Castillo",2021-08-16,0,0,0,2a7b4e70-0d33-4f8e-9f77-41c7b6dced98
POL1788,12,TRUE,Campos Ltd,2020-09-24,20846.53,35865.47,0.54,1d758682-cf2b-4b67-bfa6-f4a42b1e2620
POL1789,80,TRUE,Miller-Cortez,2021-06-21,3523.44,25522.45,0.89,b2a5ef1c-1e59-48e8-893e-2cd32a1985dc
POL1790,120,FALSE,"Phelps, Delacruz and Conner",2020-12-11,0,0,0,1d758682-cf2b-4b67-bfa6-f4a42b1e2620
POL1791,43,TRUE,"Walker, Shannon and Holloway",2021-07-16,20033.08,47202.62,0.45,84591ab3-0b42-489e-b1b1-57dd877d9e2c
POL1792,99,TRUE,"Ray, Smith and Martinez",2022-06-21,14984.42,27555.61,0.29,3e857a0f-1dbe-4025-a287-29f3e7fd926d
POL1793,100,FALSE,Ryan-Gordon,2021-03-07,0,0,0,2a7b4e70-0d33-4f8e-9f77-41c7b6dced98
POL1794,67,TRUE,Santiago Group,2023-02-06,6452.76,27980.15,0.47,1d758682-cf2b-4b67-bfa6-f4a42b1e2620
POL1795,33,TRUE,Beck-Ramos,2023-05-07,7770.5,23006.39,0.83,957fbded-8264-40c0-9c86-4b3b55b2c2a7
POL1796,46,TRUE,"Walsh, Hill and Zimmerman",2021-09-30,10372.49,35953.95,0.58,4c9016d3-b681-4ad4-998f-6d09bbfbb21f
POL1797,12,TRUE,Bailey LLC,2021-11-03,4733.9,16094.24,0.71,69fc20d0-9aa6-4ad0-a0a0-1a9f7a9a20de
POL1798,112,FALSE,Ryan-Costa,2021-08-21,0,0,0,e2f0c7c9-c59d-4a67-9b6b-503442bc7c52
POL1799,17,TRUE,Mitchell Group,2022-11-25,18640.3,23037.15,0.91,e2f0c7c9-c59d-4a67-9b6b-503442bc7c52